,Player,Tm,FantPos,Age,G,GS,Cmp,Att,Yds,TD,Int,Att,Yds,Y/A,TD,Tgt,Rec,Yds,Y/R,TD,Fmb,FL,TD,2PM,2PP,FantPt,PPR,DKPt,FDPt,VBD,PosRank,OvRank
0,Patrick Mahomes*+,KAN,QB,27,17,17,435,648,5250,41,12,61,358,5.87,4,1,1,6,6.00,0,5,0,4,1,2,416,417.4,435.4,428.9,136,1,1
1,Josh Jacobs*+,LVR,RB,24,17,17,0,0,0,0,0,340,1653,4.86,12,64,53,400,7.55,0,3,1,12,N/A,N/A,275,328.3,335.3,301.8,127,1,2
2,Christian McCaffrey*,2TM,RB,26,17,16,1,1,34,1,0,244,1139,4.67,8,108,85,741,8.72,5,1,0,13,N/A,N/A,271,356.4,362.4,313.9,123,2,3
3,Derrick Henry*,TEN,RB,28,16,16,2,2,4,1,0,349,1538,4.41,13,41,33,398,12.06,0,6,3,13,N/A,N/A,270,302.8,311.8,286.3,122,3,4
4,Justin Jefferson*+,MIN,WR,23,17,17,2,2,34,0,0,4,24,6.00,1,184,128,1809,14.13,8,0,0,9,1,N/A,241,368.7,371.7,304.7,119,1,5
5,Austin Ekeler,LAC,RB,27,17,17,0,0,0,0,0,204,915,4.49,13,127,107,722,6.75,5,5,3,18,N/A,N/A,266,372.7,381.7,319.2,118,4,6
6,Josh Allen*,BUF,QB,26,16,16,359,567,4283,35,14,124,762,6.15,7,0,0,0,N/A,0,13,5,7,1,1,396,395.5,420.5,409.5,117,2,7
7,Travis Kelce*+,KAN,TE,33,17,17,0,0,0,0,0,2,5,2.50,0,152,110,1338,12.16,12,1,1,12,1,N/A,206,316.3,320.3,261.3,114,1,8
8,Davante Adams*+,LVR,WR,30,17,17,0,0,0,0,0,3,-1,-0.33,0,180,100,1516,15.16,14,1,0,14,N/A,N/A,236,335.5,338.5,285.5,114,2,9
9,Nick Chubb*,CLE,RB,27,17,17,0,0,0,0,0,302,1525,5.05,12,37,27,239,8.85,1,1,1,13,1,N/A,254,281.4,288.4,267.9,107,5,10
10,Tyreek Hill*+,MIA,WR,28,17,17,0,0,0,0,0,7,32,4.57,1,170,119,1710,14.37,7,1,0,9,N/A,N/A,228,347.2,350.2,287.7,107,3,11
11,Jalen Hurts*,PHI,QB,24,15,15,306,460,3701,22,6,165,760,4.61,13,0,0,0,N/A,0,9,2,13,2,N/A,378,378.0,392.0,384.0,100,3,12
12,A.J. Brown*,PHI,WR,25,17,16,0,0,0,0,0,0,0,N/A,0,145,88,1496,17.00,11,2,2,11,N/A,N/A,212,299.6,304.6,255.6,91,4,13
13,Stefon Diggs*,BUF,WR,29,16,16,0,0,0,0,0,1,-3,-3.00,0,154,108,1429,13.23,11,1,0,11,N/A,N/A,209,316.6,319.6,262.6,89,5,14
14,Saquon Barkley*,NYG,RB,25,16,16,0,0,0,0,0,295,1312,4.45,10,76,57,338,5.93,0,1,0,10,1,N/A,227,284.0,290.0,255.5,82,6,15
15,CeeDee Lamb*,DAL,WR,23,17,17,0,0,0,0,0,10,47,4.70,0,156,107,1359,12.70,9,0,0,9,N/A,N/A,195,301.6,304.6,248.1,75,6,16
16,Joe Burrow*,CIN,QB,26,16,16,414,606,4475,35,12,75,257,3.43,5,0,0,0,N/A,0,6,3,5,N/A,3,351,350.7,371.7,362.7,74,4,17
17,Jamaal Williams,DET,RB,27,17,9,0,0,0,0,0,262,1066,4.07,17,16,12,73,6.08,0,3,2,17,1,N/A,214,225.9,230.9,219.9,69,7,18
18,Jaylen Waddle,MIA,WR,24,17,17,0,0,0,0,0,3,26,8.67,0,117,75,1356,18.08,8,1,1,8,N/A,N/A,184,259.2,263.2,221.7,66,7,19
19,Tony Pollard*,DAL,RB,25,16,4,0,0,0,0,0,193,1007,5.22,9,55,39,371,9.51,3,0,0,12,N/A,N/A,210,248.8,254.8,229.3,65,8,20
20,Dalvin Cook*,MIN,RB,27,17,17,0,0,0,0,0,264,1173,4.44,8,56,39,295,7.56,2,4,4,10,N/A,N/A,199,237.8,247.8,218.3,55,9,21
21,Miles Sanders*,PHI,RB,25,17,15,0,0,0,0,0,259,1269,4.90,11,26,20,78,3.90,0,2,2,11,N/A,N/A,197,216.7,221.7,206.7,53,10,22
22,George Kittle*,SFO,TE,29,15,15,0,0,0,0,0,0,0,N/A,0,86,60,765,12.75,11,1,1,11,N/A,N/A,141,200.5,204.5,170.5,52,2,23
23,Amari Cooper,CLE,WR,28,17,17,0,1,0,0,1,0,0,N/A,0,132,78,1160,14.87,9,0,0,9,N/A,N/A,168,246.0,250.0,208.0,50,8,24
24,Taysom Hill,NOR,TE,32,16,8,13,19,240,2,0,96,575,5.99,7,13,9,77,8.56,2,2,0,9,N/A,N/A,137,145.8,148.8,141.3,49,3,25
25,Aaron Jones,GNB,RB,28,17,17,0,0,0,0,0,213,1121,5.26,2,72,59,395,6.69,5,5,3,7,1,N/A,190,248.6,257.6,219.1,46,11,26
26,Amon-Ra St. Brown*,DET,WR,23,16,16,0,0,0,0,0,9,95,10.56,0,146,106,1161,10.95,6,0,0,6,N/A,N/A,162,267.6,270.6,214.6,44,9,27
27,DeVonta Smith,PHI,WR,24,17,17,0,0,0,0,0,0,0,N/A,0,136,95,1196,12.59,7,1,1,7,N/A,N/A,160,254.6,258.6,207.1,42,10,28
28,T.J. Hockenson*,2TM,TE,25,17,14,0,0,0,0,0,0,0,N/A,0,129,86,914,10.63,6,1,1,6,2,N/A,129,215.4,219.4,172.4,42,4,29
29,Christian Kirk,JAX,WR,26,17,17,0,1,0,0,0,5,11,2.20,0,133,84,1108,13.19,8,1,1,8,N/A,N/A,158,241.9,245.9,199.9,41,11,30
30,Najee Harris,PIT,RB,24,17,17,1,1,4,0,0,272,1034,3.80,7,53,41,229,5.59,3,3,2,10,N/A,N/A,182,223.5,231.5,203.0,40,12,31
31,Ja'Marr Chase*,CIN,WR,22,12,12,0,0,0,0,0,5,8,1.60,0,134,87,1046,12.02,9,2,2,9,N/A,N/A,155,242.4,247.4,198.9,38,12,32
32,Rhamondre Stevenson,NWE,RB,24,17,7,0,0,0,0,0,210,1040,4.95,5,88,69,421,6.10,1,4,1,6,N/A,N/A,180,249.1,256.1,214.6,37,13,33
33,Joe Mixon,CIN,RB,26,14,14,0,0,0,0,0,210,814,3.88,7,75,60,441,7.35,2,0,0,9,N/A,N/A,180,239.5,245.5,209.5,37,14,34
34,Tyler Lockett,SEA,WR,30,16,16,0,0,0,0,0,0,0,N/A,0,117,84,1033,12.30,9,2,2,9,N/A,N/A,153,237.3,242.3,195.3,37,13,35
35,Terry McLaurin*,WAS,WR,27,17,17,0,0,0,0,0,7,29,4.14,0,120,77,1191,15.47,5,1,0,5,N/A,N/A,152,229.0,232.0,190.5,35,14,36
36,Brandon Aiyuk,SFO,WR,24,17,17,0,0,0,0,0,2,23,11.50,0,114,78,1015,13.01,8,1,1,8,N/A,N/A,150,227.8,231.8,188.8,33,15,37
37,Kenneth Walker III,SEA,RB,22,15,11,0,0,0,0,0,228,1050,4.61,9,35,27,165,6.11,0,0,0,9,N/A,N/A,176,202.5,208.5,189.0,33,15,38
38,Mike Evans,TAM,WR,29,15,15,0,0,0,0,0,0,0,N/A,0,127,77,1124,14.60,6,0,0,6,N/A,N/A,148,225.4,228.4,186.9,32,16,39
39,Tee Higgins,CIN,WR,23,16,14,0,0,0,0,0,0,0,N/A,0,109,74,1029,13.91,7,0,0,7,1,N/A,147,220.9,223.9,183.9,30,17,40
40,Mark Andrews*,BAL,TE,27,15,15,0,0,0,0,0,3,8,2.67,0,113,73,847,11.60,5,1,0,5,1,N/A,118,190.5,193.5,154.0,30,5,41
41,Geno Smith*,SEA,QB,32,17,17,399,572,4282,30,11,68,366,5.38,1,0,0,0,N/A,0,8,4,1,N/A,N/A,304,303.9,324.9,314.9,30,5,42
42,Travis Etienne,JAX,RB,23,17,12,0,0,0,0,0,220,1125,5.11,5,45,35,316,9.03,0,5,3,5,1,N/A,170,205.1,214.1,187.6,28,16,43
43,Ezekiel Elliott,DAL,RB,27,15,14,0,0,0,0,0,231,876,3.79,12,23,17,92,5.41,0,0,0,12,N/A,N/A,169,185.8,188.8,177.3,27,17,44
44,Justin Fields,CHI,QB,23,15,15,192,318,2242,17,11,160,1143,7.14,8,0,0,0,N/A,0,16,2,8,N/A,1,296,296.0,315.0,307.0,23,6,45
45,Trevor Lawrence*,JAX,QB,23,17,17,387,584,4113,25,8,62,291,4.69,5,0,0,0,N/A,0,12,9,5,N/A,3,296,295.6,318.6,303.6,23,7,46
46,Jerry Jeudy,DEN,WR,23,15,14,0,0,0,0,0,4,40,10.00,0,100,67,972,14.51,6,0,0,6,N/A,N/A,137,204.2,207.2,170.7,21,18,47
47,D.K. Metcalf,SEA,WR,25,17,17,0,0,0,0,0,0,0,N/A,0,141,90,1048,11.64,6,2,2,6,N/A,N/A,137,226.8,231.8,181.8,21,19,48
48,D.J. Moore,CAR,WR,25,17,17,0,0,0,0,0,10,53,5.30,0,118,63,888,14.10,7,0,0,7,N/A,N/A,136,199.1,202.1,167.6,20,20,49
49,Kirk Cousins*,MIN,QB,34,17,17,424,643,4547,29,14,31,97,3.13,2,0,0,0,N/A,0,7,3,2,N/A,3,292,291.6,311.6,305.6,19,8,50
50,Evan Engram,JAX,TE,28,17,14,0,0,0,0,0,2,13,6.50,0,98,73,766,10.49,4,0,0,4,1,N/A,104,176.9,179.9,140.4,18,6,51
51,Garrett Wilson,NYJ,WR,22,17,12,0,1,0,0,0,4,4,1.00,0,147,83,1103,13.29,4,2,1,4,N/A,N/A,133,215.7,219.7,174.2,17,21,52
52,Daniel Jones,NYG,QB,25,16,16,317,472,3205,15,5,120,708,5.90,7,0,0,0,N/A,0,6,3,7,N/A,2,289,289.0,303.0,294.0,16,9,53
53,Alvin Kamara,NOR,RB,27,15,13,0,0,0,0,0,223,897,4.02,2,77,57,490,8.60,2,4,4,4,N/A,N/A,155,211.7,221.7,183.2,14,18,54
54,James Conner,ARI,RB,27,13,13,0,0,0,0,0,183,782,4.27,7,58,46,300,6.52,1,3,1,8,N/A,N/A,154,200.2,207.2,177.2,13,19,55
55,Leonard Fournette,TAM,RB,27,16,9,0,1,0,0,1,189,668,3.53,3,83,73,523,7.16,3,0,0,6,N/A,N/A,153,226.1,233.1,190.6,12,20,56
56,Cole Kmet,CHI,TE,23,17,17,0,0,0,0,0,2,9,4.50,0,69,50,544,10.88,7,1,0,7,N/A,N/A,97,147.3,150.3,122.3,11,7,57
57,Cooper Kupp,LAR,WR,29,9,9,0,1,0,0,0,9,52,5.78,1,98,75,812,10.83,6,2,1,7,N/A,N/A,126,201.4,205.4,163.9,11,22,58
58,Chris Olave,NOR,WR,22,15,9,0,0,0,0,0,0,0,N/A,0,119,72,1042,14.47,4,2,2,4,1,N/A,126,198.2,203.2,162.2,11,23,59
59,Jared Goff*,DET,QB,28,17,17,382,587,4438,29,7,29,73,2.52,0,1,1,5,5.00,0,7,4,0,1,1,283,284.3,298.3,290.8,11,10,60
60,Gabriel Davis,BUF,WR,23,15,15,0,0,0,0,0,0,0,N/A,0,93,48,836,17.42,7,1,1,7,N/A,N/A,124,171.6,175.6,147.6,9,24,61
61,Christian Watson,GNB,WR,23,14,11,0,0,0,0,0,7,80,11.43,2,66,41,611,14.90,7,0,0,9,N/A,N/A,123,164.1,167.1,143.6,8,25,62
62,Juwan Johnson,NOR,TE,26,16,12,0,0,0,0,0,0,0,N/A,0,65,42,508,12.10,7,0,0,7,N/A,N/A,93,134.8,137.8,113.8,7,8,63
63,Justin Herbert,LAC,QB,24,17,17,477,699,4739,25,10,54,147,2.72,0,2,2,-10,-5.00,0,8,3,0,N/A,1,279,281.3,300.3,290.3,7,11,64
64,Chris Godwin,TAM,WR,26,15,13,0,0,0,0,0,3,5,1.67,0,142,104,1023,9.84,3,2,2,3,1,N/A,119,222.8,227.8,170.8,4,26,65
65,David Montgomery,CHI,RB,25,16,16,0,0,0,0,0,201,801,3.99,5,40,34,316,9.29,1,2,2,6,N/A,N/A,144,177.7,185.7,160.7,3,21,66
66,Tyler Allgeier,ATL,RB,22,16,7,0,0,0,0,0,210,1035,4.93,3,17,16,139,8.69,1,0,0,4,1,N/A,143,159.4,165.4,151.4,3,22,67
67,Michael Pittman Jr.,IND,WR,25,16,16,0,0,0,0,0,3,30,10.00,0,141,99,925,9.34,4,2,1,4,N/A,N/A,118,216.5,220.5,167.0,3,27,68
68,D'Andre Swift,DET,RB,23,14,8,0,0,0,0,0,99,542,5.47,5,70,48,389,8.10,3,1,0,8,1,N/A,143,191.1,197.1,167.1,3,23,69
69,Dawson Knox*,BUF,TE,26,15,15,0,0,0,0,0,0,0,N/A,0,65,48,517,10.77,6,0,0,6,N/A,N/A,88,135.7,138.7,111.7,2,9,70
70,Zay Jones,JAX,WR,27,16,15,0,0,0,0,0,4,18,4.50,0,121,82,823,10.04,5,0,0,5,1,N/A,116,198.1,201.1,157.1,2,28,71
71,Dallas Goedert,PHI,TE,27,12,12,0,0,0,0,0,0,0,N/A,0,69,55,702,12.76,3,1,1,3,N/A,N/A,86,141.2,145.2,113.7,1,10,72
72,Dalton Schultz,DAL,TE,26,15,15,0,0,0,0,0,0,0,N/A,0,89,57,577,10.12,5,1,1,5,N/A,N/A,86,142.7,146.7,114.2,N/A,11,73
73,Allen Lazard,GNB,WR,27,15,15,0,0,0,0,0,2,0,0.00,0,100,60,788,13.13,6,0,0,6,N/A,N/A,115,174.8,177.8,144.8,N/A,29,74
74,Tory Carter,TEN,N/A,23,9,3,0,0,0,0,0,0,0,N/A,0,0,0,0,N/A,0,0,0,0,N/A,N/A,N/A,N/A,N/A,N/A,N/A,2,75
75,Alex Armah,WAS,N/A,28,2,0,0,0,0,0,0,0,0,N/A,0,0,0,0,N/A,0,0,0,0,N/A,N/A,N/A,N/A,N/A,N/A,N/A,1,76
76,Pat Freiermuth,PIT,TE,24,16,8,0,0,0,0,0,0,0,N/A,0,98,63,732,11.62,2,0,0,2,N/A,N/A,85,148.2,151.2,116.7,N/A,12,77
77,Jerick McKinnon,KAN,RB,30,17,0,0,0,0,0,0,72,291,4.04,1,71,56,512,9.14,9,1,1,10,1,N/A,140,196.3,203.3,168.3,N/A,24,78
78,Tom Brady,TAM,QB,45,17,17,490,733,4694,25,9,29,-1,-0.03,1,1,0,0,N/A,0,5,4,1,N/A,2,272,271.7,287.7,280.7,N/A,12,N/A
79,Aaron Rodgers,GNB,QB,39,17,17,350,542,3695,26,12,34,94,2.76,1,0,0,0,N/A,0,8,4,1,N/A,2,239,239.2,258.2,251.2,N/A,13,N/A
80,Lamar Jackson,BAL,QB,25,12,12,203,326,2242,17,7,112,764,6.82,3,0,0,0,N/A,0,5,2,3,N/A,1,236,236.1,251.1,243.1,N/A,14,N/A
81,Tua Tagovailoa,MIA,QB,24,13,13,259,400,3548,25,8,23,70,3.04,0,0,0,0,N/A,0,6,1,0,N/A,N/A,231,230.9,242.9,238.9,N/A,15,N/A
82,Russell Wilson,DEN,QB,34,15,15,292,483,3524,16,11,55,277,5.04,3,1,1,1,1.00,0,6,2,3,N/A,N/A,225,225.8,244.8,236.3,N/A,16,N/A
83,Derek Carr*,LVR,QB,31,15,15,305,502,3522,24,14,24,102,4.25,0,0,0,0,N/A,0,4,0,0,N/A,N/A,219,219.1,239.1,233.1,N/A,17,N/A
84,Kyler Murray,ARI,QB,25,11,11,259,390,2368,14,7,67,418,6.24,3,0,0,0,N/A,0,8,2,3,1,3,201,200.5,215.5,207.5,N/A,18,N/A
85,Dak Prescott,DAL,QB,29,12,12,261,394,2860,23,15,45,182,4.04,1,0,0,0,N/A,0,4,1,1,N/A,N/A,199,198.6,220.6,213.6,N/A,19,N/A
86,Marcus Mariota,ATL,QB,29,13,13,184,300,2219,15,9,85,438,5.15,4,0,0,0,N/A,0,8,3,4,N/A,2,197,196.6,214.6,205.6,N/A,20,N/A
87,Davis Mills,HOU,QB,24,15,15,292,479,3118,17,15,32,108,3.38,2,0,0,0,N/A,0,8,3,2,N/A,1,182,181.5,205.5,196.5,N/A,21,N/A
88,Andy Dalton,NOR,QB,35,14,14,252,378,2871,18,9,30,54,1.80,0,0,0,0,N/A,0,5,1,0,N/A,1,174,174.2,187.2,183.2,N/A,22,N/A
89,Mac Jones,NWE,QB,24,14,14,288,442,2997,14,11,47,102,2.17,1,0,0,0,N/A,0,5,1,1,N/A,1,170,170.1,188.1,181.1,N/A,23,N/A
90,Jacoby Brissett,CLE,QB,30,16,11,236,369,2608,12,6,49,243,4.96,2,0,0,0,N/A,0,6,4,2,N/A,N/A,169,168.6,184.6,174.6,N/A,24,N/A
91,Jimmy Garoppolo,SFO,QB,31,11,10,207,308,2437,16,4,23,33,1.43,2,0,0,0,N/A,0,3,2,2,N/A,N/A,165,164.8,173.8,168.8,N/A,25,N/A
92,Ryan Tannehill,TEN,QB,34,12,12,212,325,2536,13,6,34,98,2.88,2,0,0,0,N/A,0,3,2,2,N/A,1,161,161.2,172.2,167.2,N/A,26,N/A
93,Matt Ryan,IND,QB,37,12,12,309,461,3057,14,13,27,70,2.59,1,0,0,0,N/A,0,15,5,1,N/A,N/A,155,155.3,176.3,168.3,N/A,27,N/A
94,Kenny Pickett,PIT,QB,24,13,12,245,389,2404,7,9,55,237,4.31,3,0,0,0,N/A,0,4,1,3,N/A,2,150,149.9,165.9,158.9,N/A,28,N/A
95,AJ Dillon,GNB,RB,24,17,3,0,0,0,0,0,186,770,4.14,7,43,28,206,7.36,0,1,0,7,N/A,N/A,140,167.6,173.6,153.6,N/A,26,N/A
96,Devin Singletary,BUF,RB,25,16,16,0,0,0,0,0,177,819,4.63,5,52,38,280,7.37,1,3,3,6,N/A,N/A,140,177.9,186.9,158.9,N/A,25,N/A
97,Raheem Mostert,MIA,RB,30,16,14,0,0,0,0,0,181,891,4.92,3,42,31,202,6.52,2,1,1,5,N/A,N/A,137,168.3,175.3,152.8,N/A,27,N/A
98,Jeff Wilson,2TM,RB,27,16,7,0,0,0,0,0,176,860,4.89,5,37,22,185,8.41,1,3,2,6,N/A,N/A,137,158.5,166.5,147.5,N/A,28,N/A
99,Dameon Pierce,HOU,RB,22,13,13,0,0,0,0,0,220,939,4.27,4,39,30,165,5.50,1,4,2,5,N/A,N/A,136,166.4,174.4,151.4,N/A,29,N/A
100,Cordarrelle Patterson,ATL,RB,31,13,11,0,0,0,0,0,144,695,4.83,8,31,21,122,5.81,0,1,1,9,N/A,N/A,134,154.7,161.7,144.2,N/A,30,N/A
101,Cam Akers,LAR,RB,23,15,9,0,0,0,0,0,188,786,4.18,7,18,13,117,9.00,0,2,2,7,N/A,N/A,128,141.3,149.3,134.8,N/A,31,N/A
102,Latavius Murray,2TM,RB,32,13,7,0,0,0,0,0,171,760,4.44,6,35,27,132,4.89,0,1,0,6,1,N/A,127,154.2,160.2,140.7,N/A,32,N/A
103,D'Onta Foreman,CAR,RB,26,17,9,0,0,0,0,0,203,914,4.50,5,9,5,26,5.20,0,1,0,5,1,N/A,126,131.0,134.0,128.5,N/A,33,N/A
104,Isiah Pacheco,KAN,RB,23,17,11,0,0,0,0,0,170,830,4.88,5,14,13,130,10.00,0,4,2,5,N/A,N/A,122,135.0,143.0,128.5,N/A,34,N/A
105,Baker Mayfield,2TM,QB,27,12,10,201,335,2163,10,8,31,89,2.87,1,0,0,0,N/A,0,9,2,1,N/A,N/A,121,121.4,134.4,129.4,N/A,29,N/A
106,Antonio Gibson,WAS,RB,24,15,6,0,0,0,0,0,149,546,3.66,3,58,46,353,7.67,2,1,0,5,N/A,N/A,120,165.9,171.9,142.9,N/A,35,N/A
107,Jonathan Taylor,IND,RB,23,11,11,0,0,0,0,0,192,861,4.48,4,40,28,143,5.11,0,3,3,4,N/A,N/A,118,146.4,155.4,132.4,N/A,36,N/A
108,Taylor Heinicke,WAS,QB,29,9,9,161,259,1859,12,6,28,96,3.43,1,0,0,0,N/A,0,7,5,1,N/A,N/A,116,116.0,130.0,122.0,N/A,30,N/A
109,George Pickens,PIT,WR,21,17,12,0,0,0,0,0,3,24,8.00,1,84,52,801,15.40,4,0,0,5,1,N/A,115,166.5,169.5,140.5,N/A,30,N/A
110,Mike Williams,LAC,WR,28,13,13,0,0,0,0,0,0,0,N/A,0,93,63,895,14.21,4,0,0,4,N/A,N/A,114,176.5,179.5,145.0,N/A,31,N/A
111,Jakobi Meyers,NWE,WR,26,14,13,0,0,0,0,0,2,-11,-5.50,0,96,67,804,12.00,6,2,2,6,1,N/A,113,180.3,185.3,146.8,N/A,32,N/A
112,Carson Wentz,WAS,QB,30,8,7,172,276,1755,11,9,22,86,3.91,1,0,0,0,N/A,0,6,1,1,N/A,2,113,112.8,125.8,121.8,N/A,31,N/A
113,Curtis Samuel,WAS,WR,26,17,12,0,0,0,0,0,38,187,4.92,1,92,64,656,10.25,4,1,1,5,N/A,N/A,112,176.3,183.3,144.3,N/A,34,N/A
114,Deebo Samuel,SFO,WR,26,13,12,0,0,0,0,0,42,232,5.52,3,94,56,632,11.29,2,3,2,5,N/A,N/A,112,168.4,176.4,140.4,N/A,33,N/A
115,Adam Thielen,MIN,WR,32,17,17,0,0,0,0,0,1,4,4.00,0,107,70,716,10.23,6,0,0,6,1,N/A,110,180.0,183.0,145.0,N/A,35,N/A
116,Tyler Boyd,CIN,WR,28,16,14,1,1,23,0,0,0,0,N/A,0,82,58,762,13.14,5,0,0,5,1,N/A,109,167.1,170.1,138.1,N/A,36,N/A
117,Khalil Herbert,CHI,RB,24,13,1,0,0,0,0,0,129,731,5.67,4,12,9,57,6.33,1,0,0,5,N/A,N/A,109,117.8,120.8,113.3,N/A,37,N/A
118,Matthew Stafford,LAR,QB,34,9,9,206,303,2087,10,8,13,9,0.69,1,0,0,0,N/A,0,5,3,1,N/A,N/A,108,108.4,122.4,116.4,N/A,32,N/A
119,Drake London,ATL,WR,21,17,15,0,0,0,0,0,0,0,N/A,0,117,72,866,12.03,4,3,3,4,1,N/A,107,178.6,184.6,142.6,N/A,38,N/A
120,JuJu Smith-Schuster,KAN,WR,26,16,14,0,0,0,0,0,0,0,N/A,0,101,78,933,11.96,3,3,2,3,N/A,N/A,107,185.3,190.3,146.3,N/A,37,N/A
121,Donovan Peoples-Jones,CLE,WR,23,17,14,0,0,0,0,0,1,2,2.00,0,96,61,839,13.75,3,1,1,4,N/A,N/A,106,167.1,171.1,136.6,N/A,39,N/A
122,Brock Purdy,SFO,QB,23,9,5,114,170,1374,13,4,22,13,0.59,1,0,0,0,N/A,0,0,0,1,N/A,N/A,106,106.3,113.3,110.3,N/A,33,N/A
123,Samaje Perine,CIN,RB,27,16,2,0,0,0,0,0,95,394,4.15,2,51,38,287,7.55,4,0,0,6,N/A,N/A,104,142.1,148.1,123.1,N/A,38,N/A
124,Brian Robinson Jr.,WAS,RB,23,12,9,0,0,0,0,0,205,797,3.89,2,12,9,60,6.67,1,2,0,3,N/A,N/A,104,112.7,115.7,108.2,N/A,39,N/A
125,Keenan Allen,LAC,WR,30,10,10,0,0,0,0,0,1,8,8.00,0,89,66,752,11.39,4,1,1,4,N/A,N/A,98,164.0,168.0,131.0,N/A,40,N/A
126,Zach Wilson,NYJ,QB,23,9,9,132,242,1688,6,7,28,102,3.64,1,1,1,2,2.00,1,1,1,2,N/A,N/A,98,98.9,112.9,105.4,N/A,34,N/A
127,Mack Hollins,LVR,WR,29,17,16,1,1,4,0,0,4,40,10.00,0,94,57,690,12.11,4,0,0,4,N/A,N/A,97,154.2,157.2,125.7,N/A,42,N/A
128,Josh Palmer,LAC,WR,24,16,11,0,0,0,0,0,1,4,4.00,0,107,72,769,10.68,3,1,0,3,1,N/A,97,169.3,172.3,133.3,N/A,41,N/A
129,Jahan Dotson,WAS,WR,22,12,10,0,0,0,0,0,2,-7,-3.50,0,61,35,523,14.94,7,0,0,7,1,N/A,96,130.6,133.6,113.1,N/A,43,N/A
130,Breece Hall,NYJ,RB,21,7,2,0,0,0,0,0,80,463,5.79,4,31,19,218,11.47,1,1,1,5,N/A,N/A,96,115.1,122.1,105.6,N/A,40,N/A
131,K.J. Osborn,MIN,WR,25,17,9,0,0,0,0,0,3,6,2.00,0,90,60,650,10.83,5,1,0,5,N/A,N/A,96,155.6,158.6,125.6,N/A,44,N/A
132,Diontae Johnson,PIT,WR,26,17,17,0,0,0,0,0,7,25,3.57,0,147,86,882,10.26,0,1,0,0,2,N/A,95,180.7,183.7,137.7,N/A,46,N/A
133,Courtland Sutton,DEN,WR,27,15,15,0,0,0,0,0,1,5,5.00,0,109,64,829,12.95,2,0,0,2,N/A,N/A,95,159.4,162.4,127.4,N/A,45,N/A
134,Kareem Hunt,CLE,RB,27,17,0,0,0,0,0,0,123,468,3.80,3,44,35,210,6.00,1,1,0,4,N/A,N/A,92,126.8,132.8,109.3,N/A,41,N/A
135,Marquise Brown,ARI,WR,25,12,10,0,0,0,0,0,1,1,1.00,0,107,67,709,10.58,3,1,0,3,N/A,N/A,89,156.0,159.0,122.5,N/A,47,N/A
136,Brandin Cooks,HOU,WR,29,13,13,0,0,0,0,0,2,7,3.50,0,93,57,699,12.26,3,0,0,3,N/A,N/A,89,145.6,148.6,117.1,N/A,48,N/A
137,Rachaad White,TAM,RB,23,17,8,0,0,0,0,0,129,481,3.73,1,58,50,290,5.80,2,3,3,3,N/A,N/A,89,139.1,148.1,114.1,N/A,42,N/A
138,DeAndre Hopkins,ARI,WR,30,9,9,0,0,0,0,0,0,0,N/A,0,96,64,717,11.20,3,2,1,3,N/A,N/A,88,151.7,155.7,119.7,N/A,49,N/A
139,Kenyan Drake,BAL,RB,28,12,5,0,0,0,0,0,109,482,4.42,4,26,17,89,5.24,1,1,0,5,N/A,N/A,87,104.1,107.1,95.6,N/A,43,N/A
140,Parris Campbell,IND,WR,25,17,16,0,0,0,0,0,5,58,11.60,0,91,63,623,9.89,3,1,0,3,N/A,N/A,86,149.1,152.1,117.6,N/A,50,N/A
141,Sam Darnold,CAR,QB,25,6,6,82,140,1143,7,3,26,106,4.08,2,0,0,0,N/A,0,6,2,2,N/A,N/A,86,86.3,97.3,89.3,N/A,35,N/A
142,Deshaun Watson,CLE,QB,27,6,6,99,170,1102,7,5,36,175,4.86,1,0,0,0,N/A,0,1,0,1,N/A,N/A,86,85.6,96.6,90.6,N/A,36,N/A
143,Michael Carter,NYJ,RB,23,16,10,0,0,0,0,0,114,402,3.53,3,54,41,288,7.02,0,2,1,3,N/A,N/A,85,126.0,133.0,105.5,N/A,44,N/A
144,James Cook,BUF,RB,23,16,0,0,0,0,0,0,89,507,5.70,2,32,21,180,8.57,1,1,1,3,N/A,N/A,85,105.7,112.7,95.2,N/A,45,N/A
145,David Njoku,CLE,TE,26,14,14,0,0,0,0,0,2,-8,-4.00,0,80,58,628,10.83,4,1,1,4,N/A,N/A,84,142.0,146.0,113.0,N/A,13,N/A
146,Gerald Everett,LAC,TE,28,16,11,0,0,0,0,0,1,0,0.00,0,87,58,555,9.57,4,0,0,4,1,N/A,82,139.5,142.5,110.5,N/A,14,N/A
147,Darius Slayton,NYG,WR,25,16,11,0,0,0,0,0,0,0,N/A,0,71,46,724,15.74,2,2,1,2,N/A,N/A,82,128.4,132.4,105.4,N/A,51,N/A
148,Clyde Edwards-Helaire,KAN,RB,23,10,6,0,0,0,0,0,71,302,4.25,3,23,17,151,8.88,3,0,0,6,N/A,N/A,81,98.3,104.3,89.8,N/A,46,N/A
149,Jordan Akins,HOU,TE,30,15,3,0,0,0,0,0,0,0,N/A,0,54,37,495,13.38,5,1,1,5,1,N/A,80,116.5,120.5,98.0,N/A,16,N/A
150,Tyler Higbee,LAR,TE,29,17,17,0,0,0,0,0,0,0,N/A,0,108,72,620,8.61,3,0,0,3,N/A,N/A,80,152.0,155.0,116.0,N/A,15,N/A
151,Marquez Valdes-Scantling,KAN,WR,28,17,11,0,0,0,0,0,1,-3,-3.00,0,81,42,687,16.36,2,0,0,2,N/A,N/A,80,122.4,125.4,101.4,N/A,52,N/A
152,Devin Duvernay*,BAL,WR,25,14,13,0,0,0,0,0,12,84,7.00,1,49,37,407,11.00,3,1,0,5,N/A,N/A,79,116.1,119.1,97.6,N/A,53,N/A
153,Isaiah McKenzie,BUF,WR,27,15,8,0,0,0,0,0,9,55,6.11,1,65,42,423,10.07,4,0,0,5,N/A,N/A,78,119.8,122.8,98.8,N/A,54,N/A
154,James Robinson,2TM,RB,24,11,5,0,0,0,0,0,110,425,3.86,3,14,11,51,4.64,2,1,0,5,N/A,N/A,78,88.6,91.6,83.1,N/A,47,N/A
155,Richie James,NYG,WR,27,17,4,0,0,0,0,0,2,6,3.00,0,70,57,569,9.98,4,3,3,4,N/A,N/A,76,132.5,138.5,104.0,N/A,55,N/A
156,Tyler Conklin,NYJ,TE,27,17,16,0,0,0,0,0,2,3,1.50,0,87,58,552,9.52,3,2,0,3,N/A,N/A,74,131.5,134.5,102.5,N/A,17,N/A
157,J.K. Dobbins,BAL,RB,24,8,8,0,0,0,0,0,92,520,5.65,2,8,7,42,6.00,1,0,0,3,N/A,N/A,74,81.2,84.2,77.7,N/A,48,N/A
158,Damien Harris,NWE,RB,25,11,9,0,0,0,0,0,106,462,4.36,3,23,17,97,5.71,0,0,0,3,N/A,N/A,74,90.9,93.9,82.4,N/A,49,N/A
159,Chuba Hubbard,CAR,RB,23,15,2,0,0,0,0,0,95,466,4.91,2,17,14,171,12.21,0,2,1,2,N/A,N/A,74,87.7,94.7,80.7,N/A,50,N/A
160,Mitchell Trubisky,PIT,QB,28,7,5,117,180,1252,4,5,19,38,2.00,2,0,0,0,N/A,0,0,0,2,N/A,1,74,73.9,81.9,78.9,N/A,37,N/A
161,Noah Fant,SEA,TE,25,17,16,0,0,0,0,0,0,0,N/A,0,63,50,486,9.72,4,0,0,4,N/A,N/A,73,122.6,125.6,97.6,N/A,18,N/A
162,Russell Gage,TAM,WR,26,13,4,0,0,0,0,0,0,0,N/A,0,70,51,426,8.35,5,1,1,5,1,N/A,73,123.6,127.6,98.1,N/A,56,N/A
163,Alexander Mattison,MIN,RB,24,17,0,0,0,0,0,0,74,283,3.82,5,18,15,91,6.07,1,0,0,6,N/A,N/A,73,88.4,91.4,80.9,N/A,51,N/A
164,Rashid Shaheed,NOR,WR,24,12,6,0,0,0,0,0,4,57,14.25,1,34,28,488,17.43,2,1,0,3,N/A,N/A,73,100.5,103.5,86.5,N/A,57,N/A
165,Noah Brown,DAL,WR,26,16,13,0,0,0,0,0,0,0,N/A,0,74,43,555,12.91,3,1,1,3,N/A,N/A,72,114.5,118.5,93.0,N/A,59,N/A
166,DeVante Parker,NWE,WR,29,13,11,0,0,0,0,0,0,0,N/A,0,47,31,539,17.39,3,0,0,3,N/A,N/A,72,102.9,105.9,87.4,N/A,58,N/A
167,Marvin Jones,JAX,WR,32,16,10,0,0,0,0,0,0,0,N/A,0,81,46,529,11.50,3,0,0,3,N/A,N/A,71,116.9,119.9,93.9,N/A,61,N/A
168,Alec Pierce,IND,WR,22,16,12,0,0,0,0,0,0,0,N/A,0,78,41,593,14.46,2,1,0,2,N/A,N/A,71,112.3,115.3,91.8,N/A,60,N/A
169,Olamide Zaccheaus,ATL,WR,25,17,13,0,0,0,0,0,2,7,3.50,0,61,40,533,13.33,3,1,1,3,N/A,N/A,70,110.0,114.0,90.0,N/A,62,N/A
170,Zach Ertz,ARI,TE,32,10,10,0,0,0,0,0,0,0,N/A,0,69,47,406,8.64,4,0,0,4,2,N/A,69,115.6,118.6,92.1,N/A,19,N/A
171,Mecole Hardman,KAN,WR,24,8,5,0,0,0,0,0,4,31,7.75,2,34,25,297,11.88,4,1,0,6,N/A,N/A,69,93.8,96.8,81.3,N/A,64,N/A
172,Kalif Raymond,DET,WR,28,17,7,0,0,0,0,0,7,36,5.14,0,64,47,616,13.11,0,3,1,1,N/A,N/A,69,116.2,120.2,92.7,N/A,63,N/A
173,DJ Chark,DET,WR,26,11,10,0,0,0,0,0,0,0,N/A,0,52,30,502,16.73,3,0,0,3,N/A,N/A,68,98.2,101.2,83.2,N/A,65,N/A
174,Chris Moore,HOU,WR,29,16,7,0,0,0,0,0,3,3,1.00,0,74,48,548,11.42,2,0,0,2,N/A,N/A,67,115.1,118.1,91.1,N/A,66,N/A
175,DeAndre Carter,LAC,WR,29,17,7,0,0,0,0,0,2,-15,-7.50,0,65,46,538,11.70,3,3,2,3,N/A,N/A,66,112.3,117.3,89.3,N/A,68,N/A
176,Corey Davis,NYJ,WR,27,13,10,0,0,0,0,0,0,0,N/A,0,64,32,536,16.75,2,0,0,2,N/A,N/A,66,97.6,100.6,81.6,N/A,70,N/A
177,Michael Gallup,DAL,WR,26,14,11,0,0,0,0,0,0,0,N/A,0,74,39,424,10.87,4,0,0,4,N/A,N/A,66,105.4,108.4,85.9,N/A,67,N/A
178,Mike Gesicki,MIA,TE,27,17,1,0,0,0,0,0,0,0,N/A,0,52,32,362,11.31,5,0,0,5,N/A,N/A,66,98.2,101.2,82.2,N/A,20,N/A
179,Josh Reynolds,DET,WR,27,14,11,0,0,0,0,0,0,0,N/A,0,59,38,479,12.61,3,0,0,3,N/A,N/A,66,103.9,106.9,84.9,N/A,69,N/A
180,Eno Benjamin,3TM,RB,23,15,3,0,0,0,0,0,77,313,4.06,2,34,25,193,7.72,0,0,0,2,1,N/A,65,89.6,95.6,77.1,N/A,54,N/A
181,Kenneth Gainwell,PHI,RB,23,17,0,0,0,0,0,0,53,240,4.53,4,29,23,169,7.35,0,0,0,4,N/A,N/A,65,87.9,93.9,76.4,N/A,53,N/A
182,Chigoziem Okonkwo,TEN,TE,23,17,8,0,0,0,0,0,3,2,0.67,0,46,32,450,14.06,3,0,0,3,1,N/A,65,97.2,100.2,81.2,N/A,21,N/A
183,Jaylen Warren,PIT,RB,24,16,0,0,0,0,0,0,77,379,4.92,1,33,28,214,7.64,0,1,0,1,N/A,N/A,65,93.3,99.3,79.3,N/A,52,N/A
184,Marquise Goodwin,SEA,WR,32,13,2,0,0,0,0,0,2,5,2.50,0,42,27,387,14.33,4,0,0,4,N/A,N/A,63,90.2,93.2,76.7,N/A,71,N/A
185,Hunter Henry,NWE,TE,28,17,14,0,0,0,0,0,0,0,N/A,0,59,41,509,12.41,2,0,0,2,N/A,N/A,63,103.9,106.9,83.4,N/A,22,N/A
186,Isaiah Hodgins,2TM,WR,24,10,5,0,0,0,0,0,0,0,N/A,0,48,37,392,10.59,4,1,1,4,1,N/A,63,100.2,104.2,81.7,N/A,72,N/A
187,Robert Woods,TEN,WR,30,17,15,0,0,0,0,0,0,0,N/A,0,91,53,527,9.94,2,1,1,2,N/A,N/A,63,115.7,119.7,89.2,N/A,73,N/A
188,Melvin Gordon,DEN,RB,29,10,6,0,0,0,0,0,90,318,3.53,2,32,25,223,8.92,0,5,2,2,N/A,N/A,62,87.1,95.1,74.6,N/A,55,N/A
189,Darnell Mooney,CHI,WR,25,12,12,0,0,0,0,0,1,2,2.00,0,61,40,493,12.33,2,0,0,2,N/A,N/A,62,101.5,104.5,81.5,N/A,74,N/A
190,Treylon Burks,TEN,WR,22,11,6,0,0,0,0,0,4,47,11.75,0,54,33,444,13.45,1,0,0,2,N/A,N/A,61,94.1,97.1,77.6,N/A,75,N/A
191,Greg Dortch,ARI,WR,24,16,4,0,0,0,0,0,7,44,6.29,0,64,52,467,8.98,2,1,1,2,N/A,N/A,61,113.1,117.1,87.1,N/A,76,N/A
192,Nico Collins,HOU,WR,23,10,7,0,0,0,0,0,0,0,N/A,0,66,37,481,13.00,2,0,0,2,N/A,N/A,60,97.1,100.1,78.6,N/A,77,N/A
193,Romeo Doubs,GNB,WR,22,13,7,0,0,0,0,0,1,11,11.00,0,67,42,425,10.12,3,2,1,3,N/A,N/A,60,101.6,105.6,80.6,N/A,78,N/A
194,Chase Claypool,2TM,WR,24,15,11,1,1,1,1,0,9,59,6.56,0,79,46,451,9.80,1,1,1,1,N/A,N/A,59,105.0,109.0,82.0,N/A,79,N/A
195,Gus Edwards,BAL,RB,27,9,4,0,0,0,0,0,87,433,4.98,3,2,0,0,N/A,0,1,1,3,N/A,N/A,59,59.3,63.3,59.3,N/A,56,N/A
196,Robert Tonyan,GNB,TE,28,17,3,0,0,0,0,0,0,0,N/A,0,67,53,470,8.87,2,0,0,2,N/A,N/A,59,112.0,115.0,85.5,N/A,23,N/A
197,Chase Edmonds,2TM,RB,26,13,3,0,0,0,0,0,68,245,3.60,2,24,16,157,9.81,1,0,0,3,N/A,N/A,58,74.2,80.2,66.2,N/A,57,N/A
198,Nick Westbrook-Ikhine,TEN,WR,25,17,13,0,0,0,0,0,0,0,N/A,0,50,25,397,15.88,3,0,0,3,N/A,N/A,58,82.7,85.7,70.2,N/A,80,N/A
199,Darrell Henderson,LAR,RB,25,10,7,0,0,0,0,0,70,283,4.04,3,22,17,102,6.00,0,0,0,3,N/A,N/A,57,73.5,79.5,65.0,N/A,58,N/A
200,Cooper Rush,DAL,QB,29,9,5,94,162,1051,5,3,9,6,0.67,0,0,0,0,N/A,0,2,0,0,N/A,N/A,57,56.6,62.6,59.6,N/A,38,N/A
201,Darren Waller,LVR,TE,30,9,6,0,0,0,0,0,0,0,N/A,0,43,28,388,13.86,3,0,0,3,N/A,N/A,57,84.8,87.8,70.8,N/A,24,N/A
202,Mike White,NYJ,QB,27,4,4,103,175,1192,3,4,6,9,1.50,1,0,0,0,N/A,0,2,1,1,N/A,N/A,57,56.6,64.6,60.6,N/A,39,N/A
203,Dontrell Hilliard,TEN,RB,27,12,1,0,0,0,0,0,22,145,6.59,0,26,21,177,8.43,4,0,0,4,N/A,N/A,56,77.2,83.2,66.7,N/A,59,N/A
204,Austin Hooper,TEN,TE,28,17,2,0,0,0,0,0,0,0,N/A,0,60,41,444,10.83,2,0,0,2,N/A,N/A,56,97.4,100.4,76.9,N/A,25,N/A
205,Demarcus Robinson,BAL,WR,28,17,5,0,0,0,0,0,0,0,N/A,0,75,48,458,9.54,2,2,1,2,N/A,N/A,56,103.8,107.8,79.8,N/A,81,N/A
206,Deon Jackson,IND,RB,23,16,2,0,0,0,0,0,68,236,3.47,1,34,30,209,6.97,1,1,1,2,N/A,N/A,55,84.5,91.5,69.5,N/A,60,N/A
207,Van Jefferson,LAR,WR,26,11,9,0,0,0,0,0,0,0,N/A,0,44,24,369,15.38,3,0,0,3,N/A,N/A,55,78.9,81.9,66.9,N/A,83,N/A
208,Isaiah Likely,BAL,TE,22,16,2,0,0,0,0,0,0,0,N/A,0,60,36,373,10.36,3,0,0,3,N/A,N/A,55,91.3,94.3,73.3,N/A,26,N/A
209,Terrace Marshall Jr.,CAR,WR,22,14,9,0,0,0,0,0,0,0,N/A,0,47,28,490,17.50,1,2,0,1,N/A,N/A,55,83.0,86.0,69.0,N/A,82,N/A
210,Zack Moss,2TM,RB,25,13,3,0,0,0,0,0,93,456,4.90,1,13,11,39,3.55,0,1,1,1,N/A,N/A,54,64.5,68.5,59.0,N/A,61,N/A
211,Trent Sherfield,MIA,WR,26,17,4,0,0,0,0,0,0,0,N/A,0,51,30,417,13.90,2,0,0,2,N/A,N/A,54,83.7,86.7,68.7,N/A,84,N/A
212,Kendrick Bourne,NWE,WR,27,16,2,0,0,0,0,0,6,39,6.50,0,48,35,434,12.40,1,2,0,1,N/A,N/A,53,88.3,91.3,70.8,N/A,85,N/A
213,Will Dissly,SEA,TE,26,15,15,0,0,0,0,0,0,0,N/A,0,38,34,349,10.26,3,0,0,3,N/A,N/A,53,86.9,89.9,69.9,N/A,29,N/A
214,Greg Dulcich,DEN,TE,22,10,6,0,0,0,0,0,0,0,N/A,0,55,33,411,12.45,2,0,0,2,N/A,N/A,53,86.1,89.1,69.6,N/A,28,N/A
215,Hayden Hurst,CIN,TE,29,13,13,0,0,0,0,0,0,0,N/A,0,68,52,414,7.96,2,0,0,2,N/A,N/A,53,105.4,108.4,79.4,N/A,27,N/A
216,Foster Moreau,LVR,TE,25,15,14,0,0,0,0,0,0,2,N/A,0,54,33,420,12.73,2,1,1,2,N/A,N/A,52,85.2,89.2,68.7,N/A,30,N/A
217,Allen Robinson,LAR,WR,29,10,10,0,0,0,0,0,0,0,N/A,0,52,33,339,10.27,3,0,0,3,N/A,N/A,52,84.9,87.9,68.4,N/A,86,N/A
218,Quez Watkins,PHI,WR,24,17,8,0,0,0,0,0,3,1,0.33,0,51,33,354,10.73,3,1,1,3,N/A,N/A,52,84.5,88.5,68.0,N/A,87,N/A
219,Nyheim Hines,2TM,RB,26,16,5,0,0,0,0,0,24,33,1.38,1,37,30,241,8.03,1,2,0,4,N/A,N/A,51,81.4,84.4,66.4,N/A,62,N/A
220,Joshua Kelley,LAC,RB,25,13,1,0,0,0,0,0,69,287,4.16,2,25,14,101,7.21,0,0,0,2,N/A,N/A,51,64.8,70.8,57.8,N/A,63,N/A
221,Elijah Moore,NYJ,WR,22,16,9,0,0,0,0,0,5,5,1.00,0,65,37,446,12.05,1,1,0,1,N/A,N/A,51,88.1,91.1,69.6,N/A,88,N/A
222,Cade Otton,TAM,TE,23,16,11,0,0,0,0,0,0,0,N/A,0,65,42,391,9.31,2,0,0,2,N/A,N/A,51,93.1,96.1,72.1,N/A,31,N/A
223,Jamycal Hasty,JAX,RB,26,17,0,0,0,0,0,0,46,194,4.22,2,26,20,126,6.30,1,0,0,3,N/A,N/A,50,70.0,76.0,60.0,N/A,64,N/A
224,Tyler Huntley*,BAL,QB,24,6,4,75,112,658,2,3,43,137,3.19,1,0,0,0,N/A,0,3,0,1,1,N/A,50,50.0,59.0,53.0,N/A,40,N/A
225,Jelani Woods,IND,TE,24,15,2,0,0,0,0,0,0,0,N/A,0,40,25,312,12.48,3,1,0,3,N/A,N/A,49,74.2,77.2,61.7,N/A,32,N/A
226,Randall Cobb,GNB,WR,32,13,3,0,0,0,0,0,0,0,N/A,0,50,34,417,12.26,1,1,0,1,N/A,N/A,48,81.7,84.7,64.7,N/A,90,N/A
227,Joe Flacco,NYJ,QB,37,5,4,110,191,1051,5,3,3,6,2.00,0,0,0,-3,N/A,0,5,4,0,N/A,N/A,48,48.3,58.3,51.3,N/A,41,N/A
228,Trenton Irwin,CIN,WR,27,9,2,0,0,0,0,0,1,11,11.00,0,23,15,231,15.40,4,0,0,4,N/A,N/A,48,63.2,66.2,55.7,N/A,89,N/A
229,Jauan Jennings,SFO,WR,25,16,4,0,0,0,0,0,0,0,N/A,0,56,35,416,11.89,1,1,0,1,N/A,N/A,48,82.6,85.6,65.1,N/A,91,N/A
230,Rashaad Penny,SEA,RB,26,5,5,0,0,0,0,0,57,346,6.07,2,5,4,16,4.00,0,1,0,2,N/A,N/A,48,52.2,55.2,50.2,N/A,65,N/A
231,Kyle Pitts,ATL,TE,22,10,10,0,0,0,0,0,0,0,N/A,0,59,28,356,12.71,2,0,0,2,N/A,N/A,48,75.6,78.6,61.6,N/A,33,N/A
232,Jamal Agnew*,JAX,WR,27,15,0,0,0,0,0,0,12,86,7.17,0,30,23,187,8.13,3,0,0,3,1,N/A,47,70.3,73.3,58.8,N/A,92,N/A
233,Rondale Moore,ARI,WR,22,8,8,0,0,0,0,0,6,-5,-0.83,0,56,41,414,10.10,1,0,0,1,N/A,N/A,47,87.9,90.9,67.4,N/A,93,N/A
234,Julio Jones,TAM,WR,33,10,5,0,0,0,0,0,5,45,9.00,0,43,24,299,12.46,2,0,0,2,N/A,N/A,46,70.4,73.4,58.4,N/A,94,N/A
235,Zonovan Knight,NYJ,RB,21,7,4,0,0,0,0,0,85,300,3.53,1,14,13,100,7.69,0,2,0,1,N/A,N/A,46,59.0,65.0,52.5,N/A,66,N/A
236,Dante Pettis,CHI,WR,27,17,7,0,0,0,0,0,2,37,18.50,0,41,19,245,12.89,3,1,0,3,N/A,N/A,46,65.2,68.2,55.7,N/A,95,N/A
237,Laviska Shenault Jr.,CAR,WR,24,13,4,0,0,0,0,0,9,65,7.22,1,32,27,272,10.07,1,0,0,2,N/A,N/A,46,72.7,75.7,59.2,N/A,96,N/A
238,Brock Wright,DET,TE,24,17,10,0,0,0,0,0,0,0,N/A,0,24,18,216,12.00,4,0,0,4,N/A,N/A,46,63.6,66.6,54.6,N/A,34,N/A
239,Tutu Atwell,LAR,WR,23,13,4,0,0,0,0,0,9,34,3.78,1,35,18,298,16.56,1,0,0,2,N/A,N/A,45,63.2,66.2,54.2,N/A,98,N/A
240,Daniel Bellinger,NYG,TE,22,12,11,0,0,0,0,0,1,2,2.00,1,35,30,268,8.93,2,1,1,3,1,N/A,45,75.0,79.0,60.0,N/A,35,N/A
241,Ben Skowronek,LAR,WR,25,14,11,0,0,0,0,0,1,17,17.00,1,61,39,376,9.64,0,0,0,1,N/A,N/A,45,84.3,87.3,64.8,N/A,97,N/A
242,Nelson Agholor,NWE,WR,29,16,7,0,0,0,0,0,0,0,N/A,0,53,31,362,11.68,2,2,2,2,N/A,N/A,44,75.2,80.2,59.7,N/A,100,N/A
243,Ray-Ray McCloud,SFO,WR,26,17,2,0,0,0,0,0,4,78,19.50,1,25,14,243,17.36,1,2,0,2,N/A,N/A,44,58.1,61.1,51.1,N/A,101,N/A
244,Colby Parkinson,SEA,TE,23,17,2,0,0,0,0,0,0,0,N/A,0,34,25,322,12.88,2,0,0,2,N/A,N/A,44,69.2,72.2,56.7,N/A,36,N/A
245,Equanimeous St. Brown,CHI,WR,26,16,16,0,0,0,0,0,6,54,9.00,0,38,21,323,15.38,1,1,0,1,N/A,N/A,44,64.7,67.7,54.2,N/A,102,N/A
246,Tyquan Thornton,NWE,WR,22,13,9,0,0,0,0,0,3,16,5.33,1,45,22,247,11.23,2,0,0,3,N/A,N/A,44,66.3,69.3,55.3,N/A,99,N/A
247,Justin Watson,KAN,WR,26,17,5,0,0,0,0,0,0,0,N/A,0,34,15,315,21.00,2,0,0,2,N/A,N/A,44,58.5,61.5,51.0,N/A,103,N/A
248,Jameis Winston,NOR,QB,28,3,3,73,115,858,4,5,5,16,3.20,0,0,0,0,N/A,0,3,0,0,N/A,1,44,43.9,51.9,48.9,N/A,42,N/A
249,Caleb Huntley,ATL,RB,24,12,0,0,0,0,0,0,76,366,4.82,1,2,2,3,1.50,0,1,0,1,N/A,N/A,43,44.9,47.9,43.9,N/A,67,N/A
250,Hunter Renfrow,LVR,WR,27,10,1,0,0,0,0,0,0,0,N/A,0,50,36,330,9.17,2,3,1,2,N/A,N/A,43,79.0,83.0,61.0,N/A,104,N/A
251,Jarrett Stidham,LVR,QB,26,5,2,53,83,656,4,3,14,84,6.00,0,0,0,0,N/A,0,3,1,0,N/A,N/A,43,42.6,49.6,45.6,N/A,43,N/A
252,Noah Gray,KAN,TE,23,17,8,0,0,0,0,0,1,1,1.00,1,34,28,299,10.68,1,0,0,2,N/A,N/A,42,70.0,73.0,56.0,N/A,37,N/A
253,Elijah Mitchell,SFO,RB,24,5,1,0,0,0,0,0,45,279,6.20,2,4,3,7,2.33,0,0,0,2,N/A,N/A,41,43.6,46.6,42.1,N/A,69,N/A
254,Boston Scott,PHI,RB,27,15,2,0,0,0,0,0,54,217,4.02,3,6,5,15,3.00,0,0,0,3,N/A,N/A,41,46.2,49.2,43.7,N/A,68,N/A
255,Kadarius Toney,2TM,WR,23,9,4,0,0,0,0,0,7,82,11.71,1,20,16,171,10.69,2,1,1,3,N/A,N/A,41,57.3,61.3,49.3,N/A,105,N/A
256,Braxton Berrios,NYJ,WR,27,17,2,1,1,2,1,0,9,91,10.11,2,32,18,145,8.06,0,1,0,2,N/A,N/A,40,57.7,60.7,48.7,N/A,106,N/A
257,Matt Breida,NYG,RB,27,17,1,0,0,0,0,0,54,220,4.07,1,25,20,118,5.90,0,0,0,1,N/A,N/A,40,59.8,65.8,49.8,N/A,71,N/A
258,Rex Burkhead,HOU,RB,32,16,0,0,1,0,0,0,26,80,3.08,0,51,37,204,5.51,1,0,0,2,N/A,N/A,40,77.4,80.4,58.9,N/A,70,N/A
259,Shi Smith,CAR,WR,24,17,6,0,0,0,0,0,0,0,N/A,0,41,22,296,13.45,2,4,1,2,N/A,N/A,40,61.6,65.6,50.6,N/A,107,N/A
260,Rashod Bateman,BAL,WR,23,6,5,0,0,0,0,0,0,0,N/A,0,28,15,285,19.00,2,1,1,2,N/A,N/A,39,53.5,57.5,46.0,N/A,109,N/A
261,Damiere Byrd,ATL,WR,29,14,4,0,0,0,0,0,0,0,N/A,0,23,13,268,20.62,2,0,0,2,N/A,N/A,39,51.8,54.8,45.3,N/A,108,N/A
262,Justin Jackson,DET,RB,26,16,0,0,0,0,0,0,42,170,4.05,1,19,12,101,8.42,1,0,0,2,N/A,N/A,39,51.1,57.1,45.1,N/A,72,N/A
263,MyCole Pruitt,ATL,TE,30,13,4,0,0,0,0,0,0,0,N/A,0,21,16,150,9.38,4,0,0,4,N/A,N/A,39,55.0,58.0,47.0,N/A,38,N/A
264,Desmond Ridder,ATL,QB,23,4,4,73,115,708,2,0,16,64,4.00,0,0,0,0,N/A,0,3,2,0,N/A,N/A,39,38.7,43.7,38.7,N/A,45,N/A
265,P.J. Walker,CAR,QB,27,6,5,63,106,731,3,3,6,39,6.50,0,0,0,0,N/A,0,0,0,0,N/A,N/A,39,39.1,45.1,42.1,N/A,44,N/A
266,Bailey Zappe,NWE,QB,23,4,2,65,92,781,5,3,10,0,0.00,0,1,1,-6,-6.00,0,4,3,0,N/A,N/A,39,39.6,48.6,42.1,N/A,46,N/A
267,Teddy Bridgewater,MIA,QB,30,5,2,49,79,683,4,4,3,27,9.00,0,0,0,0,N/A,0,0,0,0,N/A,N/A,38,38.0,45.0,42.0,N/A,47,N/A
268,A.J. Green,ARI,WR,34,15,10,0,0,0,0,0,0,0,N/A,0,47,24,236,9.83,2,0,0,2,1,N/A,38,61.6,64.6,49.6,N/A,110,N/A
269,Logan Thomas,WAS,TE,31,14,13,0,0,0,0,0,0,0,N/A,0,61,39,323,8.28,1,0,0,1,N/A,N/A,38,77.3,80.3,57.8,N/A,39,N/A
270,Gardner Minshew II,PHI,QB,26,5,2,44,76,663,3,3,7,3,0.43,1,0,0,0,N/A,0,4,1,1,N/A,N/A,37,36.8,43.8,39.8,N/A,48,N/A
271,Sam Ehlinger,IND,QB,24,4,3,64,101,573,3,3,17,87,5.12,0,0,0,0,N/A,0,2,1,0,N/A,N/A,36,35.6,42.6,38.6,N/A,49,N/A
272,Mo Alie-Cox,IND,TE,29,17,11,0,0,0,0,0,0,0,N/A,0,28,19,189,9.95,3,1,1,3,N/A,N/A,35,53.9,57.9,44.4,N/A,41,N/A
273,Kyle Juszczyk*,SFO,RB,31,16,12,0,0,0,0,0,7,26,3.71,1,23,19,200,10.53,1,0,0,2,N/A,N/A,35,53.6,56.6,44.1,N/A,73,N/A
274,Jarvis Landry,NOR,WR,30,9,3,0,0,0,0,0,0,0,N/A,0,39,25,272,10.88,1,1,0,1,1,N/A,35,60.2,63.2,47.7,N/A,111,N/A
275,Michael Thomas,NOR,WR,29,3,3,0,0,0,0,0,0,0,N/A,0,22,16,171,10.69,3,0,0,3,N/A,N/A,35,51.1,54.1,43.1,N/A,112,N/A
276,C.J. Uzomah,NYJ,TE,29,15,13,0,0,0,0,0,0,0,N/A,0,27,21,232,11.05,2,0,0,2,N/A,N/A,35,56.2,59.2,45.7,N/A,40,N/A
277,Mark Ingram,NOR,RB,33,10,3,0,0,0,0,0,62,233,3.76,1,18,16,68,4.25,0,2,2,1,1,N/A,34,50.1,55.1,42.1,N/A,74,N/A
278,Tre'Quan Smith,NOR,WR,26,15,6,0,0,0,0,0,0,0,N/A,0,27,19,278,14.63,1,0,0,1,N/A,N/A,34,52.8,55.8,43.3,N/A,113,N/A
279,Raheem Blackshear,CAR,RB,23,13,1,0,0,0,0,0,23,77,3.35,3,12,10,93,9.30,0,1,1,3,N/A,N/A,33,43.0,44.0,38.0,N/A,75,N/A
280,Trey McBride,ARI,TE,23,16,13,0,0,0,0,0,0,0,N/A,0,39,29,265,9.14,1,1,0,1,N/A,N/A,33,61.5,64.5,47.0,N/A,43,N/A
281,Colt McCoy,ARI,QB,36,4,3,90,132,780,1,3,14,36,2.57,0,0,0,0,N/A,0,2,0,0,N/A,N/A,33,32.8,38.8,35.8,N/A,50,N/A
282,Tommy Tremble,CAR,TE,22,17,4,0,0,0,0,0,0,0,N/A,0,32,19,174,9.16,3,1,1,3,N/A,N/A,33,52.4,56.4,42.9,N/A,42,N/A
283,Chosen Anderson,2TM,WR,29,16,7,0,0,0,0,0,0,0,N/A,0,44,20,282,14.10,1,1,1,1,N/A,N/A,32,52.2,56.2,42.2,N/A,115,N/A
284,Phillip Dorsett,HOU,WR,29,15,4,0,1,0,0,0,0,0,N/A,0,40,20,257,12.85,1,0,0,1,N/A,N/A,32,51.7,54.7,41.7,N/A,116,N/A
285,Kendall Hinton,DEN,WR,25,12,5,0,0,0,0,0,2,13,6.50,0,33,24,311,12.96,0,0,0,0,N/A,N/A,32,56.4,59.4,44.4,N/A,114,N/A
286,Jordan Mason,SFO,RB,23,16,0,0,0,0,0,0,43,258,6.00,1,0,0,0,N/A,0,0,0,1,N/A,N/A,32,31.8,34.8,31.8,N/A,76,N/A
287,Harrison Bryant,CLE,TE,24,17,9,0,0,0,0,0,1,8,8.00,0,42,31,239,7.71,1,0,0,1,N/A,N/A,31,61.7,64.7,46.2,N/A,44,N/A
288,Ty Johnson,NYJ,RB,25,17,1,0,0,0,0,0,30,160,5.33,1,24,12,88,7.33,0,0,0,1,N/A,N/A,31,42.8,45.8,36.8,N/A,77,N/A
289,Sammy Watkins,2TM,WR,29,12,5,0,0,0,0,0,0,0,N/A,0,27,16,325,20.31,0,1,1,0,N/A,N/A,31,46.5,50.5,38.5,N/A,117,N/A
290,Kylen Granson,IND,TE,24,13,4,0,0,0,0,0,1,0,0.00,0,40,31,302,9.74,0,1,0,0,N/A,N/A,30,61.2,64.2,45.7,N/A,45,N/A
291,Justice Hill,BAL,RB,25,15,0,0,0,0,0,0,49,262,5.35,0,12,12,58,4.83,0,2,1,0,N/A,N/A,30,42.0,46.0,36.0,N/A,79,N/A
292,Marlon Mack,2TM,RB,26,8,0,0,0,0,0,0,16,84,5.25,1,10,8,99,12.38,1,0,0,2,N/A,N/A,30,38.3,38.3,34.3,N/A,78,N/A
293,Irv Smith Jr.,MIN,TE,24,8,1,0,0,0,0,0,0,0,N/A,0,36,25,182,7.28,2,1,0,2,N/A,N/A,30,55.2,58.2,42.7,N/A,46,N/A
294,Shane Zylstra,DET,TE,26,13,2,0,0,0,0,0,0,0,N/A,0,15,11,60,5.45,4,0,0,4,N/A,N/A,30,41.0,41.0,35.5,N/A,47,N/A
295,Ameer Abdullah,LVR,RB,29,17,0,0,0,0,0,0,4,20,5.00,0,32,25,211,8.44,1,0,0,1,N/A,N/A,29,54.1,57.1,41.6,N/A,81,N/A
296,DeeJay Dallas,SEA,RB,24,15,0,0,1,0,0,1,35,186,5.31,0,19,17,126,7.41,0,1,0,0,N/A,N/A,29,46.2,53.2,38.7,N/A,80,N/A
297,Jake Ferguson,DAL,TE,23,16,8,0,0,0,0,0,0,0,N/A,0,22,19,174,9.16,2,0,0,2,N/A,N/A,29,48.4,51.4,38.9,N/A,48,N/A
298,Peyton Hendershot,DAL,TE,23,17,2,0,0,0,0,0,1,2,2.00,1,16,11,103,9.36,2,1,0,3,N/A,N/A,29,39.5,42.5,34.0,N/A,49,N/A
299,J.D. McKissic,WAS,RB,29,8,0,0,0,0,0,0,22,95,4.32,0,40,27,173,6.41,0,0,0,0,1,N/A,29,55.8,58.8,42.3,N/A,82,N/A
300,Dare Ogunbowale,HOU,RB,28,17,4,0,0,0,0,0,42,123,2.93,1,26,20,104,5.20,0,0,0,1,N/A,N/A,29,48.7,54.7,38.7,N/A,83,N/A
301,Wan'Dale Robinson,NYG,WR,21,6,3,0,0,0,0,0,2,-1,-0.50,0,31,23,227,9.87,1,0,0,1,N/A,N/A,29,51.6,54.6,40.1,N/A,118,N/A
302,Dyami Brown,WAS,WR,23,15,0,0,0,0,0,0,1,15,15.00,0,14,5,143,28.60,2,0,0,2,N/A,N/A,28,32.8,35.8,30.3,N/A,120,N/A
303,Malik Davis,DAL,RB,24,12,0,0,0,0,0,0,38,161,4.24,1,7,6,63,10.50,0,0,0,1,N/A,N/A,28,34.4,37.4,31.4,N/A,84,N/A
304,Ashton Dulin,IND,WR,25,12,2,0,0,0,0,0,2,8,4.00,0,22,15,207,13.80,1,0,0,1,N/A,N/A,28,42.5,45.5,35.0,N/A,121,N/A
305,KhaDarel Hodge,ATL,WR,27,17,1,0,0,0,0,0,0,0,N/A,0,20,13,202,15.54,1,0,0,1,1,N/A,28,41.2,44.2,34.7,N/A,119,N/A
306,Travis Homer,SEA,RB,24,10,1,0,0,0,0,0,19,74,3.89,0,18,16,157,9.81,1,1,1,1,N/A,N/A,27,43.1,47.1,35.1,N/A,85,N/A
307,O.J. Howard,HOU,TE,28,13,10,0,0,0,0,0,0,0,N/A,0,23,10,145,14.50,2,0,0,2,N/A,N/A,27,36.5,39.5,31.5,N/A,52,N/A
308,Velus Jones Jr.,CHI,WR,25,12,2,0,0,0,0,0,9,103,11.44,1,14,7,107,15.29,1,3,3,2,N/A,N/A,27,34.0,43.0,30.5,N/A,122,N/A
309,Josh Oliver,BAL,TE,25,17,9,0,0,0,0,0,0,0,N/A,0,25,14,149,10.64,2,0,0,2,N/A,N/A,27,40.9,43.9,33.9,N/A,50,N/A
310,Adam Trautman,NOR,TE,25,15,12,0,0,0,0,0,0,0,N/A,0,22,18,207,11.50,1,0,0,1,N/A,N/A,27,44.7,47.7,35.7,N/A,51,N/A
311,Byron Pringle,CHI,WR,29,11,4,0,0,0,0,0,0,0,N/A,0,16,10,135,13.50,2,0,0,2,N/A,N/A,26,35.5,38.5,30.5,N/A,123,N/A
312,Javonte Williams,DEN,RB,22,4,4,0,0,0,0,0,47,204,4.34,0,22,16,76,4.75,0,1,1,0,N/A,N/A,26,42.0,46.0,34.0,N/A,86,N/A
313,Jonnu Smith,NWE,TE,27,14,8,0,0,0,0,0,1,5,5.00,0,38,27,245,9.07,0,1,0,0,N/A,N/A,25,52.0,55.0,38.5,N/A,53,N/A
314,Durham Smythe,MIA,TE,27,16,15,0,0,0,0,0,2,1,0.50,1,20,15,129,8.60,1,0,0,2,N/A,N/A,25,40.0,43.0,32.5,N/A,54,N/A
315,Gary Brightwell,NYG,RB,23,17,0,0,0,0,0,0,31,141,4.55,1,8,5,39,7.80,0,0,0,1,N/A,N/A,24,29.0,32.0,26.5,N/A,87,N/A
316,Connor Heyward,PIT,TE,23,17,0,0,0,0,0,0,2,27,13.50,0,17,12,151,12.58,1,0,0,1,N/A,N/A,24,35.8,38.8,29.8,N/A,55,N/A
317,Jalen Nailor,MIN,WR,23,15,0,0,0,0,0,0,0,0,N/A,0,13,9,179,19.89,1,0,0,1,N/A,N/A,24,32.9,35.9,28.4,N/A,125,N/A
318,Brandon Powell,LAR,WR,27,17,6,0,0,0,0,0,17,80,4.71,0,32,24,156,6.50,0,1,0,0,N/A,N/A,24,47.6,50.6,35.6,N/A,126,N/A
319,Khalil Shakir,BUF,WR,22,14,2,0,0,0,0,0,0,0,N/A,0,20,10,161,16.10,1,0,0,1,1,N/A,24,34.1,37.1,29.1,N/A,124,N/A
320,Alec Ingold,MIA,RB,26,17,14,0,0,0,0,0,6,8,1.33,1,23,15,105,7.00,1,0,0,2,N/A,N/A,23,38.3,41.3,30.8,N/A,88,N/A
321,Teagan Quitoriano,HOU,TE,22,9,6,0,0,0,0,0,0,0,N/A,0,14,7,113,16.14,2,0,0,2,N/A,N/A,23,30.3,33.3,26.8,N/A,56,N/A
322,Amari Rodgers,2TM,WR,23,16,1,0,0,0,0,0,2,7,3.50,0,25,16,204,12.75,1,6,2,1,N/A,N/A,23,39.1,44.1,31.1,N/A,127,N/A
323,Marquez Callaway,NOR,WR,24,14,3,0,0,0,0,0,0,0,N/A,0,32,16,158,9.88,1,0,0,1,N/A,N/A,22,37.8,40.8,29.8,N/A,129,N/A
324,River Cracraft,MIA,WR,28,11,0,0,0,0,0,0,0,0,N/A,0,14,9,102,11.33,2,0,0,2,N/A,N/A,22,31.2,34.2,26.7,N/A,128,N/A
325,Craig Reynolds,DET,RB,26,9,0,0,0,0,0,0,23,102,4.43,0,10,9,116,12.89,0,0,0,0,N/A,N/A,22,30.8,36.8,26.3,N/A,89,N/A
326,Kyren Williams,LAR,RB,22,10,0,0,0,0,0,0,35,139,3.97,0,12,9,76,8.44,0,0,0,0,N/A,N/A,22,30.5,33.5,26.0,N/A,90,N/A
327,David Bell,CLE,WR,22,16,3,0,0,0,0,0,0,0,N/A,0,35,24,214,8.92,0,0,0,0,N/A,N/A,21,45.4,48.4,33.4,N/A,130,N/A
328,Joshua Dobbs,TEN,QB,27,2,2,40,68,411,2,2,8,44,5.50,0,0,0,0,N/A,0,4,2,0,N/A,N/A,21,20.8,27.8,22.8,N/A,51,N/A
329,Jody Fortson,KAN,TE,27,13,1,0,0,0,0,0,0,0,N/A,0,13,9,108,12.00,2,1,1,2,N/A,N/A,21,29.8,33.8,25.3,N/A,57,N/A
330,C.J. Ham,MIN,RB,29,17,4,0,0,0,0,0,4,7,1.75,2,12,10,86,8.60,0,0,0,2,N/A,N/A,21,31.3,31.3,26.3,N/A,91,N/A
331,Marcedes Lewis,GNB,TE,38,17,17,0,0,0,0,0,0,0,N/A,0,7,6,66,11.00,2,0,0,2,1,N/A,21,26.6,26.6,23.6,N/A,59,N/A
332,Skyy Moore,KAN,WR,22,16,3,0,0,0,0,0,3,24,8.00,0,33,22,250,11.36,0,3,3,0,N/A,N/A,21,43.4,49.4,32.4,N/A,131,N/A
333,Zach Pascal,PHI,WR,28,17,2,0,0,0,0,0,1,0,0.00,0,19,15,150,10.00,1,0,0,1,N/A,N/A,21,36.0,39.0,28.5,N/A,133,N/A
334,Eric Saubert,DEN,TE,28,17,6,0,0,0,0,0,0,0,N/A,0,24,15,148,9.87,1,0,0,1,N/A,N/A,21,35.8,38.8,28.3,N/A,58,N/A
335,Sterling Shepard,NYG,WR,29,3,2,0,0,0,0,0,0,0,N/A,0,24,13,154,11.85,1,0,0,1,N/A,N/A,21,34.4,37.4,27.9,N/A,132,N/A
336,Davis Webb,NYG,QB,27,1,1,23,40,168,1,0,6,41,6.83,1,0,0,0,N/A,0,0,0,1,N/A,N/A,21,20.8,20.8,20.8,N/A,52,N/A
337,Avery Williams,ATL,RB,24,17,3,0,0,0,0,0,22,109,4.95,1,14,13,61,4.69,0,1,1,1,N/A,N/A,21,34.0,38.0,27.5,N/A,92,N/A
338,Mike Boone,DEN,RB,27,9,0,0,0,0,0,0,24,102,4.25,0,15,9,96,10.67,0,0,0,0,N/A,N/A,20,28.8,31.8,24.3,N/A,94,N/A
339,Keelan Cole,LVR,WR,29,14,3,0,0,0,0,0,0,0,N/A,0,21,10,141,14.10,1,1,0,1,N/A,N/A,20,30.1,33.1,25.1,N/A,134,N/A
340,Johnny Mundt,MIN,TE,28,17,12,0,0,0,0,0,0,0,N/A,0,21,19,140,7.37,1,0,0,1,N/A,N/A,20,39.0,42.0,29.5,N/A,60,N/A
341,Pierre Strong,NWE,RB,24,15,0,0,0,0,0,0,10,100,10.00,1,7,7,42,6.00,0,0,0,1,N/A,N/A,20,27.2,30.2,23.7,N/A,93,N/A
342,Ian Thomas,CAR,TE,26,17,17,0,0,0,0,0,0,0,N/A,0,30,21,197,9.38,0,0,0,0,N/A,N/A,20,40.7,43.7,30.2,N/A,63,N/A
343,Eric Tomlinson,DEN,TE,30,17,12,0,0,0,0,0,0,0,N/A,0,13,9,79,8.78,2,0,0,2,N/A,N/A,20,28.9,28.9,24.4,N/A,61,N/A
344,Mitchell Wilcox,CIN,TE,26,16,4,0,0,0,0,0,0,0,N/A,0,18,17,139,8.18,1,0,0,1,N/A,N/A,20,36.9,39.9,28.4,N/A,62,N/A
345,David Blough,ARI,QB,27,2,2,38,58,402,2,2,4,5,1.25,0,0,0,0,N/A,0,1,1,0,N/A,N/A,19,18.6,24.6,20.6,N/A,54,N/A
346,Tevin Coleman,SFO,RB,29,5,0,0,0,0,0,0,12,26,2.17,1,3,3,44,14.67,1,0,0,2,N/A,N/A,19,22.0,22.0,20.5,N/A,96,N/A
347,KJ Hamler,DEN,WR,23,7,0,0,0,0,0,0,2,23,11.50,0,14,7,165,23.57,0,0,0,0,N/A,N/A,19,25.8,28.8,22.3,N/A,137,N/A
348,Scott Miller,TAM,WR,25,15,1,0,0,0,0,0,1,8,8.00,0,40,23,185,8.04,0,0,0,0,N/A,N/A,19,42.3,45.3,30.8,N/A,135,N/A
349,Denzel Mims,NYJ,WR,25,10,4,0,0,0,0,0,0,0,N/A,0,25,11,186,16.91,0,0,0,0,N/A,N/A,19,29.6,32.6,24.1,N/A,138,N/A
350,Donald Parham,LAC,TE,25,6,1,0,0,0,0,0,0,0,N/A,0,12,10,130,13.00,1,0,0,1,N/A,N/A,19,29.0,32.0,24.0,N/A,64,N/A
351,Jalen Reagor,MIN,WR,23,17,0,0,0,0,0,0,4,25,6.25,0,13,8,104,13.00,1,4,0,1,N/A,N/A,19,26.9,29.9,22.9,N/A,136,N/A
352,Jonathan Williams,WAS,RB,28,13,2,0,0,0,0,0,37,152,4.11,0,10,7,40,5.71,0,0,0,0,N/A,N/A,19,26.2,29.2,22.7,N/A,95,N/A
353,Malik Willis,TEN,QB,23,8,3,31,61,276,0,3,27,123,4.56,1,0,0,0,N/A,0,3,2,1,N/A,N/A,19,19.3,27.3,22.3,N/A,53,N/A
354,Brandon Bolden,LVR,RB,32,16,0,0,0,0,0,0,17,66,3.88,0,9,9,57,6.33,1,0,0,1,N/A,N/A,18,27.3,27.3,22.8,N/A,97,N/A
355,Malcolm Brown,LAR,RB,29,11,0,0,0,0,0,0,18,81,4.50,1,6,5,37,7.40,0,0,0,1,N/A,N/A,18,22.8,22.8,20.3,N/A,98,N/A
356,Lawrence Cager,2TM,TE,25,7,4,0,0,0,0,0,0,0,N/A,0,19,13,118,9.08,1,0,0,1,N/A,N/A,18,30.8,33.8,24.3,N/A,65,N/A
357,N'Keal Harry,CHI,WR,25,7,0,0,0,0,0,0,0,0,N/A,0,9,7,116,16.57,1,0,0,1,N/A,N/A,18,24.6,27.6,21.1,N/A,139,N/A
358,Sam Howell,WAS,QB,22,1,1,11,19,169,1,1,5,35,7.00,1,0,0,0,N/A,0,0,0,1,N/A,N/A,18,18.3,19.3,19.3,N/A,55,N/A
359,Brett Rypien,DEN,QB,26,4,2,53,88,483,2,4,6,7,1.17,0,0,0,0,N/A,0,4,1,0,N/A,N/A,18,18.0,26.0,22.0,N/A,56,N/A
360,John Bates,WAS,TE,25,16,7,0,0,0,0,0,0,0,N/A,0,22,14,108,7.71,1,1,0,1,N/A,N/A,17,30.8,33.8,23.8,N/A,68,N/A
361,Cameron Brate,TAM,TE,31,11,1,0,0,0,0,0,0,0,N/A,0,38,20,174,8.70,0,0,0,0,N/A,N/A,17,37.4,40.4,27.4,N/A,66,N/A
362,Corey Clement,ARI,RB,28,9,1,0,0,0,0,0,15,55,3.67,1,7,5,54,10.80,0,0,0,1,N/A,N/A,17,21.9,21.9,19.4,N/A,100,N/A
363,Ross Dwelley,SFO,TE,27,12,0,0,0,0,0,0,0,0,N/A,0,5,3,105,35.00,1,0,0,1,N/A,N/A,17,19.5,22.5,18.0,N/A,69,N/A
364,James Mitchell,DET,TE,23,14,0,0,0,0,0,0,0,0,N/A,0,11,11,113,10.27,1,0,0,1,N/A,N/A,17,28.3,31.3,22.8,N/A,67,N/A
365,Steven Sims,PIT,WR,25,12,2,0,0,0,0,0,13,70,5.38,0,23,14,104,7.43,0,3,0,0,N/A,N/A,17,31.4,34.4,24.4,N/A,140,N/A
366,Benny Snell Jr.,PIT,RB,24,17,0,0,0,0,0,0,20,90,4.50,1,2,2,17,8.50,0,0,0,1,N/A,N/A,17,18.7,18.7,17.7,N/A,101,N/A
367,Skylar Thompson,MIA,QB,25,7,2,60,105,534,1,3,14,21,1.50,0,0,0,0,N/A,0,2,2,0,N/A,N/A,17,17.5,25.5,20.5,N/A,57,N/A
368,Darrel Williams,ARI,RB,27,6,0,0,0,0,0,0,21,102,4.86,1,8,4,9,2.25,0,0,0,1,N/A,N/A,17,21.1,24.1,19.1,N/A,99,N/A
369,Kyle Allen,HOU,QB,26,2,2,46,78,416,2,4,6,13,2.17,0,0,0,0,N/A,0,4,1,0,N/A,N/A,16,15.9,23.9,19.9,N/A,59,N/A
370,Jeff Driskel,HOU,QB,29,7,2,14,20,108,1,0,20,75,3.75,0,1,1,4,4.00,0,0,0,0,N/A,N/A,16,17.2,17.2,16.7,N/A,58,N/A
371,Sony Michel,LAC,RB,27,10,0,0,0,0,0,0,36,106,2.94,0,13,9,53,5.89,0,0,0,0,N/A,N/A,16,24.9,27.9,20.4,N/A,102,N/A
372,Albert Okwuegbunam,DEN,TE,24,8,1,0,0,0,0,0,0,0,N/A,0,18,10,95,9.50,1,0,0,1,N/A,N/A,16,25.5,25.5,20.5,N/A,70,N/A
373,Hassan Haskins,TEN,RB,23,15,1,0,0,0,0,0,25,93,3.72,0,12,11,57,5.18,0,0,0,0,N/A,N/A,15,26.0,26.0,20.5,N/A,105,N/A
374,DeSean Jackson,BAL,WR,36,7,1,0,0,0,0,0,0,0,N/A,0,17,9,153,17.00,0,0,0,0,N/A,N/A,15,24.3,27.3,19.8,N/A,141,N/A
375,Ronald Jones II,KAN,RB,25,6,0,0,0,0,0,0,17,70,4.12,1,1,1,22,22.00,0,0,0,1,N/A,N/A,15,16.2,16.2,15.7,N/A,103,N/A
376,Bryce Perkins,LAR,QB,26,5,1,19,34,161,1,2,19,90,4.74,0,0,0,0,N/A,0,0,0,0,N/A,N/A,15,15.4,17.4,17.4,N/A,60,N/A
377,Anthony Schwartz,CLE,WR,22,11,1,0,0,0,0,0,4,57,14.25,1,10,4,51,12.75,0,1,1,1,N/A,N/A,15,18.8,19.8,16.8,N/A,142,N/A
378,Derek Watt,PIT,RB,30,17,3,0,0,0,0,0,9,21,2.33,1,5,5,11,2.20,1,0,0,2,N/A,N/A,15,20.2,20.2,17.7,N/A,104,N/A
379,John Wolford,LAR,QB,27,3,3,38,62,390,1,3,8,32,4.00,0,0,0,0,N/A,0,3,1,0,N/A,N/A,15,14.8,21.8,17.8,N/A,61,N/A
380,Dan Arnold,JAX,TE,27,17,0,0,0,0,0,0,0,0,N/A,0,13,9,135,15.00,0,0,0,0,N/A,N/A,14,22.5,25.5,18.0,N/A,72,N/A
381,Kenny Golladay,NYG,WR,29,12,4,0,0,0,0,0,0,0,N/A,0,17,6,81,13.50,1,0,0,1,N/A,N/A,14,20.1,20.1,17.1,N/A,146,N/A
382,Zander Horvath,LAC,RB,24,15,2,0,0,0,0,0,4,8,2.00,0,8,5,8,1.60,2,0,0,2,N/A,N/A,14,18.6,18.6,16.1,N/A,107,N/A
383,Keaontay Ingram,ARI,RB,23,12,0,0,0,0,0,0,27,60,2.22,1,5,4,21,5.25,0,0,0,1,N/A,N/A,14,18.1,18.1,16.1,N/A,106,N/A
384,Tom Kennedy,DET,WR,26,7,1,0,0,0,0,0,0,0,N/A,0,15,8,141,17.63,0,0,0,0,N/A,N/A,14,22.1,25.1,18.1,N/A,147,N/A
385,Ko Kieft,TAM,TE,24,17,12,0,0,0,0,0,0,0,N/A,0,10,7,80,11.43,1,0,0,1,N/A,N/A,14,21.0,21.0,17.5,N/A,71,N/A
386,Breshad Perriman,TAM,WR,29,11,3,0,0,0,0,0,2,-7,-3.50,0,19,9,110,12.22,1,2,1,1,N/A,N/A,14,23.3,27.3,18.8,N/A,144,N/A
387,Samori Toure,GNB,WR,24,11,2,0,0,0,0,0,0,0,N/A,0,10,5,82,16.40,1,1,0,1,N/A,N/A,14,19.2,19.2,16.7,N/A,145,N/A
388,Jameson Williams,DET,WR,21,6,0,0,0,0,0,0,1,40,40.00,0,9,1,41,41.00,1,0,0,1,N/A,N/A,14,15.1,15.1,14.6,N/A,148,N/A
389,Cedrick Wilson Jr.,MIA,WR,27,15,0,0,0,0,0,0,1,8,8.00,0,18,12,136,11.33,0,0,0,0,N/A,N/A,14,26.4,29.4,20.4,N/A,143,N/A
390,Salvon Ahmed,MIA,RB,24,12,0,0,0,0,0,0,12,64,5.33,1,1,1,8,8.00,0,0,0,1,N/A,N/A,13,14.2,14.2,13.7,N/A,108,N/A
391,Royce Freeman,HOU,RB,26,4,1,0,0,0,0,0,41,117,2.85,0,8,6,33,5.50,0,1,1,0,N/A,N/A,13,19.0,23.0,16.0,N/A,109,N/A
392,Zach Gentry,PIT,TE,26,17,13,0,0,0,0,0,0,0,N/A,0,23,19,132,6.95,0,0,0,0,N/A,N/A,13,32.2,35.2,22.7,N/A,73,N/A
393,Reggie Gilliam,BUF,RB,25,15,4,0,0,0,0,0,0,0,N/A,0,10,8,69,8.63,1,0,0,1,N/A,N/A,13,20.9,20.9,16.9,N/A,110,N/A
394,Tanner Hudson,NYG,TE,28,11,0,0,0,0,0,0,0,0,N/A,0,15,10,132,13.20,0,0,0,0,N/A,N/A,13,23.2,26.2,18.2,N/A,74,N/A
395,Brevin Jordan,HOU,TE,22,11,3,0,0,0,0,0,0,0,N/A,0,28,14,128,9.14,0,0,0,0,N/A,N/A,13,26.8,29.8,19.8,N/A,75,N/A
396,Chris Myarick,NYG,RB,27,16,8,0,0,0,0,0,0,0,N/A,0,8,7,65,9.29,1,0,0,1,N/A,N/A,13,19.5,19.5,16.0,N/A,111,N/A
397,Jeff Smith,NYJ,WR,25,11,0,0,0,0,0,0,0,0,N/A,0,11,8,134,16.75,0,0,0,0,N/A,N/A,13,21.4,24.4,17.4,N/A,149,N/A
398,Pharaoh Brown,2TM,TE,28,16,8,0,0,0,0,0,0,0,N/A,0,20,12,117,9.75,0,0,0,0,N/A,N/A,12,23.7,26.7,17.7,N/A,79,N/A
399,T.Y. Hilton,DAL,WR,33,3,0,0,0,0,0,0,0,0,N/A,0,10,7,121,17.29,0,0,0,0,N/A,N/A,12,19.1,22.1,15.6,N/A,150,N/A
400,Trey Lance,SFO,QB,22,2,2,15,31,194,0,1,16,67,4.19,0,0,0,0,N/A,0,1,0,0,N/A,N/A,12,12.5,13.5,13.5,N/A,62,N/A
401,Jordan Love,GNB,QB,24,4,0,14,21,195,1,0,1,-1,-1.00,0,0,0,0,N/A,0,0,0,0,N/A,N/A,12,11.7,11.7,11.7,N/A,64,N/A
402,Quintin Morris,BUF,TE,23,14,1,0,0,0,0,0,0,0,N/A,0,11,8,84,10.50,1,1,1,1,N/A,N/A,12,20.4,21.4,16.4,N/A,76,N/A
403,Nick Mullens,MIN,QB,27,4,0,21,25,224,1,1,4,8,2.00,0,0,0,0,N/A,0,0,0,0,N/A,N/A,12,11.8,12.8,12.8,N/A,63,N/A
404,Jack Stoll,PHI,TE,24,17,11,0,0,0,0,0,0,0,N/A,0,14,11,123,11.18,0,0,0,0,N/A,N/A,12,23.3,26.3,17.8,N/A,77,N/A
405,Geoff Swaim,TEN,TE,29,17,13,0,0,0,0,0,0,0,N/A,0,16,12,58,4.83,1,0,0,1,N/A,N/A,12,23.8,23.8,17.8,N/A,78,N/A
406,Jalen Virgil,DEN,WR,24,9,1,0,0,0,0,0,0,0,N/A,0,5,2,75,37.50,1,1,1,1,N/A,N/A,12,13.5,14.5,12.5,N/A,151,N/A
407,Josiah Deguara,GNB,TE,25,17,3,0,0,0,0,0,0,0,N/A,0,15,13,114,8.77,0,0,0,0,N/A,N/A,11,24.4,27.4,17.9,N/A,80,N/A
408,Kevin Harris,NWE,RB,22,5,1,0,0,0,0,0,18,52,2.89,1,0,0,0,N/A,0,0,0,1,N/A,N/A,11,11.2,11.2,11.2,N/A,112,N/A
409,Brycen Hopkins,LAR,TE,25,14,1,0,0,0,0,0,0,0,N/A,0,11,7,109,15.57,0,0,0,0,N/A,N/A,11,17.9,20.9,14.4,N/A,81,N/A
410,David Sills,NYG,WR,26,9,5,0,0,0,0,0,0,0,N/A,0,17,11,106,9.64,0,0,0,0,N/A,N/A,11,21.6,24.6,16.1,N/A,152,N/A
411,Tyrod Taylor,NYG,QB,33,3,0,6,8,58,1,1,5,70,14.00,0,0,0,0,N/A,0,2,1,0,N/A,1,11,11.3,13.3,12.3,N/A,65,N/A
412,John Brown,BUF,WR,32,3,0,0,0,0,0,0,0,0,N/A,0,2,1,42,42.00,1,0,0,1,N/A,N/A,10,11.2,11.2,10.7,N/A,153,N/A
413,Snoop Conner,JAX,RB,22,8,0,0,0,0,0,0,12,42,3.50,1,0,0,0,N/A,0,0,0,1,N/A,N/A,10,10.2,10.2,10.2,N/A,113,N/A
414,Tyrion Davis-Price,SFO,RB,22,6,0,0,0,0,0,0,34,99,2.91,0,2,0,0,N/A,0,0,0,0,N/A,N/A,10,9.9,9.9,9.9,N/A,115,N/A
415,Chris Evans,CIN,RB,25,12,0,0,0,0,0,0,0,0,N/A,0,4,3,38,12.67,1,0,0,1,N/A,N/A,10,12.8,12.8,11.3,N/A,116,N/A
416,Darrynton Evans,CHI,RB,24,6,0,0,0,0,0,0,14,64,4.57,0,1,1,33,33.00,0,0,0,0,N/A,N/A,10,10.7,10.7,10.2,N/A,117,N/A
417,Anthony Firkser,ATL,TE,27,11,1,0,0,0,0,0,0,0,N/A,0,13,9,100,11.11,0,0,0,0,N/A,N/A,10,19.0,22.0,14.5,N/A,82,N/A
418,Marcus Johnson,NYG,WR,28,14,7,0,0,0,0,0,0,0,N/A,0,22,9,99,11.00,0,0,0,0,N/A,N/A,10,18.9,18.9,14.4,N/A,154,N/A
419,Dax Milne,WAS,WR,23,15,1,0,0,0,0,0,0,0,N/A,0,7,6,37,6.17,1,1,0,1,N/A,N/A,10,15.7,15.7,12.7,N/A,155,N/A
420,Kene Nwangwu,MIN,RB,24,17,0,0,0,0,0,0,9,14,1.56,0,2,2,21,10.50,0,0,0,1,N/A,N/A,10,11.5,11.5,10.5,N/A,118,N/A
421,Giovanni Ricci,CAR,RB,26,15,3,0,0,0,0,0,0,0,N/A,0,9,8,100,12.50,0,0,0,0,N/A,N/A,10,18.0,21.0,14.0,N/A,114,N/A
422,Trevor Siemian,CHI,QB,31,2,1,15,26,184,1,1,4,8,2.00,0,0,0,0,N/A,0,0,0,0,N/A,N/A,10,10.2,11.2,11.2,N/A,66,N/A
423,Michael Bandy,LAC,WR,25,10,2,0,0,0,0,0,0,0,N/A,0,21,10,89,8.90,0,0,0,0,N/A,N/A,9,18.9,18.9,13.9,N/A,156,N/A
424,Parker Hesse,ATL,TE,27,17,7,0,0,0,0,0,0,0,N/A,0,11,9,89,9.89,0,0,0,0,N/A,N/A,9,17.9,17.9,13.4,N/A,84,N/A
425,Phillip Lindsay,IND,RB,28,3,0,0,0,0,0,0,15,49,3.27,0,8,6,19,3.17,0,0,0,0,1,N/A,9,14.8,14.8,11.8,N/A,120,N/A
426,Trace McSorley,ARI,QB,27,6,1,45,83,412,0,5,15,61,4.07,0,0,0,0,N/A,0,2,2,0,N/A,N/A,9,8.6,18.6,13.6,N/A,68,N/A
427,Patrick Ricard*,BAL,RB,28,17,16,0,0,0,0,0,7,16,2.29,0,13,11,74,6.73,0,0,0,0,N/A,N/A,9,20.0,20.0,14.5,N/A,119,N/A
428,Armani Rogers,WAS,TE,25,11,3,0,0,0,0,0,2,26,13.00,0,6,5,64,12.80,0,0,0,0,N/A,N/A,9,14.0,14.0,11.5,N/A,83,N/A
429,Kyle Rudolph,TAM,TE,33,9,0,0,0,0,0,0,0,0,N/A,0,5,3,28,9.33,1,0,0,1,N/A,N/A,9,11.8,11.8,10.3,N/A,85,N/A
430,Cam Sims,WAS,WR,26,17,3,0,0,0,0,0,0,0,N/A,0,18,8,89,11.13,0,0,0,0,N/A,N/A,9,16.9,16.9,12.9,N/A,157,N/A
431,Chris Streveler,NYJ,QB,27,2,1,10,15,90,0,0,9,54,6.00,0,0,0,0,N/A,0,1,0,0,N/A,N/A,9,9.0,9.0,9.0,N/A,67,N/A
432,Jordan Wilkins,IND,RB,28,4,0,0,0,0,0,0,13,58,4.46,0,8,6,29,4.83,0,0,0,0,N/A,N/A,9,14.7,14.7,11.7,N/A,121,N/A
433,Tyler Badie,DEN,RB,22,1,0,0,0,0,0,0,1,0,0.00,0,1,1,24,24.00,1,0,0,1,N/A,N/A,8,9.4,9.4,8.9,N/A,122,N/A
434,Blake Bell,KAN,TE,31,3,1,0,0,0,0,0,0,0,N/A,0,2,2,20,10.00,1,0,0,1,N/A,N/A,8,10.0,10.0,9.0,N/A,87,N/A
435,Grant Calcaterra,PHI,TE,24,15,2,0,0,0,0,0,0,0,N/A,0,9,5,81,16.20,0,0,0,0,N/A,N/A,8,13.1,13.1,10.6,N/A,86,N/A
436,Chase Daniel,LAC,QB,36,4,0,8,12,52,1,0,1,4,4.00,0,0,0,0,N/A,0,0,0,0,N/A,1,8,8.5,8.5,8.5,N/A,69,N/A
437,Brandon Johnson,DEN,WR,24,7,1,0,0,0,0,0,0,0,N/A,0,14,6,42,7.00,1,1,1,1,N/A,N/A,8,14.2,15.2,11.2,N/A,158,N/A
438,Jaret Patterson,WAS,RB,23,3,0,0,0,0,0,0,17,78,4.59,0,1,0,0,N/A,0,0,0,0,N/A,N/A,8,7.8,7.8,7.8,N/A,123,N/A
439,Nathan Peterman,CHI,QB,28,3,1,14,25,139,1,1,2,7,3.50,0,0,0,0,N/A,0,0,0,0,N/A,N/A,8,8.3,9.3,9.3,N/A,70,N/A
440,Andrew Beck,DEN,TE,26,13,4,0,0,0,0,0,2,0,0.00,0,11,5,69,13.80,0,0,0,0,N/A,N/A,7,11.9,11.9,9.4,N/A,89,N/A
441,D'Wayne Eskridge,SEA,WR,25,10,0,0,0,0,0,0,2,10,5.00,0,13,7,58,8.29,0,0,0,0,N/A,N/A,7,13.8,13.8,10.3,N/A,163,N/A
442,Tyler Mabry,SEA,TE,26,2,0,0,0,0,0,0,0,0,N/A,0,1,1,7,7.00,1,0,0,1,N/A,N/A,7,7.7,7.7,7.2,N/A,90,N/A
443,Tre' McKitty,LAC,TE,23,17,8,0,0,0,0,0,0,0,N/A,0,18,10,72,7.20,0,1,0,0,N/A,N/A,7,17.2,17.2,12.2,N/A,88,N/A
444,Ty Montgomery,NWE,WR,29,1,0,0,0,0,0,0,2,-2,-1.00,0,4,3,15,5.00,1,0,0,1,N/A,N/A,7,10.3,10.3,8.8,N/A,161,N/A
445,Gunner Olszewski,PIT,WR,26,16,2,0,0,0,0,0,8,39,4.88,0,7,5,53,10.60,0,2,1,0,N/A,N/A,7,12.2,13.2,9.7,N/A,162,N/A
446,Freddie Swain,2TM,WR,24,4,1,0,0,0,0,0,0,0,N/A,0,6,4,74,18.50,0,1,0,0,N/A,N/A,7,11.4,11.4,9.4,N/A,159,N/A
447,Ke'Shawn Vaughn,TAM,RB,25,15,0,0,0,0,0,0,17,53,3.12,0,4,3,19,6.33,0,0,0,0,N/A,N/A,7,10.2,10.2,8.7,N/A,124,N/A
448,Kevin White,NOR,WR,30,7,2,0,0,0,0,0,0,0,N/A,0,5,2,74,37.00,0,0,0,0,N/A,N/A,7,9.4,9.4,8.4,N/A,160,N/A
449,Zamir White,LVR,RB,23,14,0,0,0,0,0,0,17,70,4.12,0,0,0,0,N/A,0,0,0,0,N/A,N/A,7,7.0,7.0,7.0,N/A,125,N/A
450,Anthony Brown,BAL,QB,24,2,1,22,49,302,0,2,3,-5,-1.67,0,0,0,0,N/A,0,1,1,0,N/A,N/A,6,5.6,11.6,7.6,N/A,71,N/A
451,Jamison Crowder,BUF,WR,29,4,0,0,0,0,0,0,0,0,N/A,0,13,6,60,10.00,0,1,0,0,N/A,N/A,6,12.0,12.0,9.0,N/A,166,N/A
452,Jalen Guyton,LAC,WR,25,3,0,0,0,0,0,0,0,0,N/A,0,4,2,64,32.00,0,0,0,0,N/A,N/A,6,8.4,8.4,7.4,N/A,164,N/A
453,Tyler Kroft,SFO,TE,30,11,4,0,0,0,0,0,0,0,N/A,0,5,4,57,14.25,0,0,0,0,N/A,N/A,6,9.7,9.7,7.7,N/A,91,N/A
454,Jake Kumerow,BUF,WR,30,6,1,0,0,0,0,0,0,0,N/A,0,7,4,64,16.00,0,0,0,0,N/A,N/A,6,10.4,10.4,8.4,N/A,165,N/A
455,Mike Strachan,IND,WR,25,13,0,0,0,0,0,0,0,0,N/A,0,9,3,59,19.67,0,0,0,0,N/A,N/A,6,8.9,8.9,7.4,N/A,167,N/A
456,Trent Taylor,CIN,WR,28,16,1,0,0,0,0,0,4,15,3.75,0,10,6,62,10.33,0,2,1,0,N/A,N/A,6,11.7,12.7,8.7,N/A,170,N/A
457,Deven Thompkins,TAM,WR,23,5,1,0,0,0,0,0,2,26,13.00,0,10,5,32,6.40,0,1,0,0,N/A,N/A,6,10.8,10.8,8.3,N/A,168,N/A
458,Mike Thomas,CIN,WR,28,10,2,0,0,0,0,0,0,0,N/A,0,10,2,38,19.00,0,0,0,0,1,N/A,6,7.8,7.8,6.8,N/A,169,N/A
459,Nick Vannett,2TM,TE,29,9,3,0,0,0,0,0,0,0,N/A,0,9,6,55,9.17,0,0,0,0,N/A,N/A,6,11.5,11.5,8.5,N/A,92,N/A
460,Trayveon Williams,CIN,RB,25,8,0,0,0,0,0,0,6,30,5.00,0,3,2,30,15.00,0,0,0,0,N/A,N/A,6,8.0,8.0,7.0,N/A,126,N/A
461,Andre Baccellia,ARI,WR,25,8,0,0,0,0,0,0,0,0,N/A,0,10,7,45,6.43,0,0,0,0,N/A,N/A,5,11.5,11.5,8.0,N/A,173,N/A
462,Spencer Brown,CAR,RB,24,2,0,0,0,0,0,0,9,43,4.78,0,4,2,10,5.00,0,0,0,0,N/A,N/A,5,7.3,7.3,6.3,N/A,130,N/A
463,Julius Chestnut,TEN,RB,22,6,0,0,0,0,0,0,9,12,1.33,0,3,3,41,13.67,0,0,0,0,N/A,N/A,5,8.3,8.3,6.8,N/A,131,N/A
464,Chris Conley,2TM,WR,30,9,1,0,0,0,0,0,0,0,N/A,0,7,4,46,11.50,0,0,0,0,N/A,N/A,5,8.6,8.6,6.6,N/A,172,N/A
465,Blaine Gabbert,TAM,QB,33,1,0,6,8,29,1,0,0,0,N/A,0,0,0,0,N/A,0,0,0,0,N/A,N/A,5,5.2,5.2,5.2,N/A,72,N/A
466,Myles Gaskin,MIA,RB,25,4,0,0,0,0,0,0,10,26,2.60,0,6,4,28,7.00,0,0,0,0,N/A,N/A,5,9.4,9.4,7.4,N/A,127,N/A
467,Cody Hollister,TEN,WR,29,11,3,0,0,0,0,0,0,0,N/A,0,5,3,54,18.00,0,0,0,0,N/A,N/A,5,8.4,8.4,6.9,N/A,171,N/A
468,David Johnson,NOR,RB,31,5,0,0,0,0,0,0,12,24,2.00,0,4,4,47,11.75,0,1,1,0,N/A,N/A,5,9.1,10.1,7.1,N/A,132,N/A
469,Tony Jones,2TM,RB,25,6,0,0,0,0,0,0,10,24,2.40,0,8,5,30,6.00,0,0,0,0,N/A,N/A,5,10.4,10.4,7.9,N/A,128,N/A
470,Charlie Kolar,BAL,TE,23,2,0,0,0,0,0,0,0,0,N/A,0,6,4,49,12.25,0,0,0,0,N/A,N/A,5,8.9,8.9,6.9,N/A,93,N/A
471,Ronnie Rivers,LAR,RB,23,8,1,0,0,0,0,0,9,21,2.33,0,5,5,29,5.80,0,0,0,0,N/A,N/A,5,10.0,10.0,7.5,N/A,133,N/A
472,Isaiah Spiller,LAC,RB,21,6,0,0,0,0,0,0,18,41,2.28,0,3,3,13,4.33,0,0,0,0,N/A,N/A,5,8.4,8.4,6.9,N/A,129,N/A
473,Stephen Sullivan,CAR,TE,26,14,0,0,0,0,0,0,0,0,N/A,0,6,2,46,23.00,0,0,0,0,N/A,N/A,5,6.6,6.6,5.6,N/A,94,N/A
474,Patrick Taylor,GNB,RB,24,14,0,0,0,0,0,0,10,31,3.10,0,1,1,17,17.00,0,0,0,0,N/A,N/A,5,5.8,5.8,5.3,N/A,134,N/A
475,Dwayne Washington,NOR,RB,28,12,0,0,0,0,0,0,11,38,3.45,0,1,1,7,7.00,0,0,0,0,N/A,N/A,5,5.5,5.5,5.0,N/A,135,N/A
476,Trevon Wesco,CHI,TE,27,14,1,0,0,0,0,0,0,0,N/A,0,4,2,26,13.00,0,0,0,0,1,N/A,5,6.6,6.6,5.6,N/A,95,N/A
477,Cole Beasley,2TM,WR,33,4,1,0,0,0,0,0,0,0,N/A,0,7,6,35,5.83,0,0,0,0,N/A,N/A,4,9.5,9.5,6.5,N/A,179,N/A
478,Kendall Blanton,LAR,TE,27,4,0,0,0,0,0,0,0,0,N/A,0,2,2,35,17.50,0,0,0,0,N/A,N/A,4,5.5,5.5,4.5,N/A,98,N/A
479,Trestan Ebner,CHI,RB,23,17,0,0,0,0,0,0,24,54,2.25,0,8,2,8,4.00,0,2,1,0,N/A,N/A,4,6.2,7.2,5.2,N/A,136,N/A
480,Luke Farrell,JAX,TE,25,17,0,0,0,0,0,0,0,0,N/A,0,4,4,40,10.00,0,0,0,0,N/A,N/A,4,8.0,8.0,6.0,N/A,97,N/A
481,Chris Manhertz,JAX,TE,30,17,11,0,0,0,0,0,0,0,N/A,0,8,6,42,7.00,0,0,0,0,N/A,N/A,4,10.2,10.2,7.2,N/A,96,N/A
482,Anthony McFarland Jr.,PIT,RB,23,1,0,0,0,0,0,0,6,30,5.00,0,2,2,11,5.50,0,0,0,0,N/A,N/A,4,6.1,6.1,5.1,N/A,137,N/A
483,Racey McMath,TEN,WR,23,5,0,0,0,0,0,0,1,4,4.00,0,8,2,40,20.00,0,0,0,0,N/A,N/A,4,6.4,6.4,5.4,N/A,174,N/A
484,Kyle Philips,TEN,WR,23,4,0,0,0,0,0,0,0,0,N/A,0,13,8,78,9.75,0,2,2,0,N/A,N/A,4,11.8,13.8,7.8,N/A,178,N/A
485,James Proche,BAL,WR,26,15,0,0,1,0,0,1,0,0,N/A,0,17,8,62,7.75,0,0,0,0,N/A,N/A,4,12.2,13.2,9.2,N/A,175,N/A
486,Laquon Treadwell,SEA,WR,27,6,0,0,0,0,0,0,0,0,N/A,0,10,6,42,7.00,0,0,0,0,N/A,N/A,4,10.2,10.2,7.2,N/A,176,N/A
487,Michael Woods II,CLE,WR,22,10,0,0,0,0,0,0,1,-5,-5.00,0,10,5,45,9.00,0,0,0,0,N/A,N/A,4,9.0,9.0,6.5,N/A,177,N/A
488,Daylen Baldwin,CLE,WR,23,1,0,0,0,0,0,0,0,0,N/A,0,2,2,25,12.50,0,0,0,0,N/A,N/A,3,4.5,4.5,3.5,N/A,185,N/A
489,Giovani Bernard,TAM,RB,31,8,0,0,0,0,0,0,8,28,3.50,0,2,2,-1,-0.50,0,1,0,0,N/A,N/A,3,4.7,4.7,3.7,N/A,140,N/A
490,Tyrie Cleveland,DEN,WR,25,6,0,0,0,0,0,0,0,0,N/A,0,7,2,28,14.00,0,0,0,0,N/A,N/A,3,4.8,4.8,3.8,N/A,182,N/A
491,Jaelon Darden,2TM,WR,23,14,0,0,0,0,0,0,1,2,2.00,0,2,2,26,13.00,0,0,0,0,N/A,N/A,3,4.8,4.8,3.8,N/A,183,N/A
492,Tyler Davis,GNB,TE,25,17,1,0,0,0,0,0,0,0,N/A,0,7,4,26,6.50,0,0,0,0,N/A,N/A,3,6.6,6.6,4.6,N/A,99,N/A
493,Ben Ellefson,MIN,TE,26,4,1,0,0,0,0,0,0,0,N/A,0,3,3,26,8.67,0,0,0,0,N/A,N/A,3,5.6,5.6,4.1,N/A,100,N/A
494,Ryan Griffin,CHI,TE,32,15,0,0,0,0,0,0,0,0,N/A,0,8,4,26,6.50,0,0,0,0,N/A,N/A,3,6.6,6.6,4.6,N/A,101,N/A
495,Tim Jones,JAX,WR,24,17,1,0,0,0,0,0,0,0,N/A,0,4,3,30,10.00,0,0,0,0,N/A,N/A,3,6.0,6.0,4.5,N/A,181,N/A
496,Larry Rountree,LAC,RB,23,4,0,0,0,0,0,0,13,19,1.46,0,2,2,14,7.00,0,0,0,0,N/A,N/A,3,5.3,5.3,4.3,N/A,138,N/A
497,DJ Turner,LVR,WR,25,9,0,0,0,0,0,0,4,26,6.50,0,1,0,0,N/A,0,1,0,0,N/A,N/A,3,2.6,2.6,2.6,N/A,184,N/A
498,Tylan Wallace,BAL,WR,23,9,0,0,0,0,0,0,0,0,N/A,0,7,4,33,8.25,0,0,0,0,N/A,N/A,3,7.3,7.3,5.3,N/A,180,N/A
499,Jonathan Ward,2TM,RB,25,8,0,0,0,0,0,0,5,25,5.00,0,3,2,7,3.50,0,0,0,0,N/A,N/A,3,5.2,5.2,4.2,N/A,139,N/A
500,Michael Burton,KAN,RB,30,17,0,0,0,0,0,0,5,7,1.40,0,3,2,11,5.50,0,0,0,0,N/A,N/A,2,3.8,3.8,2.8,N/A,146,N/A
501,Quintez Cephus,DET,WR,24,4,1,0,0,0,0,0,0,0,N/A,0,3,2,15,7.50,0,0,0,0,N/A,N/A,2,3.5,3.5,2.5,N/A,198,N/A
502,Ty Chandler,MIN,RB,24,3,0,0,0,0,0,0,6,20,3.33,0,0,0,0,N/A,0,0,0,0,N/A,N/A,2,2.0,2.0,2.0,N/A,143,N/A
503,Pharoh Cooper,ARI,WR,27,5,1,0,0,0,0,0,4,15,3.75,0,2,2,6,3.00,0,0,0,0,N/A,N/A,2,4.1,4.1,3.1,N/A,190,N/A
504,Frank Darby,ATL,WR,25,5,0,0,0,0,0,0,0,0,N/A,0,1,1,15,15.00,0,0,0,0,N/A,N/A,2,2.5,2.5,2.0,N/A,199,N/A
505,Mike Davis,BAL,RB,29,8,0,0,0,0,0,0,8,18,2.25,0,2,2,4,2.00,0,1,0,0,N/A,N/A,2,4.2,4.2,3.2,N/A,142,N/A
506,Bryan Edwards,ATL,WR,24,7,1,0,0,0,0,0,0,0,N/A,0,5,3,15,5.00,0,0,0,0,N/A,N/A,2,4.5,4.5,3.0,N/A,200,N/A
507,Simi Fehoko,DAL,WR,25,5,0,0,0,0,0,0,0,0,N/A,0,4,3,24,8.00,0,0,0,0,N/A,N/A,2,5.4,5.4,3.9,N/A,186,N/A
508,Nick Foles,IND,QB,33,3,2,25,42,224,0,4,2,8,4.00,0,0,0,0,N/A,0,0,0,0,N/A,N/A,2,1.8,5.8,5.8,N/A,73,N/A
509,Danny Gray,SFO,WR,23,13,0,0,0,0,0,0,1,9,9.00,0,7,1,10,10.00,0,0,0,0,N/A,N/A,2,2.9,2.9,2.4,N/A,194,N/A
510,Troy Hairston,HOU,RB,24,16,5,0,0,0,0,0,0,0,N/A,0,8,5,19,3.80,0,0,0,0,N/A,N/A,2,6.9,6.9,4.4,N/A,144,N/A
511,Penny Hart,SEA,WR,26,9,0,0,0,0,0,0,0,0,N/A,0,4,3,20,6.67,0,0,0,0,N/A,N/A,2,5.0,5.0,3.5,N/A,192,N/A
512,Jesper Horsted,LVR,TE,25,15,0,0,0,0,0,0,0,0,N/A,0,4,3,19,6.33,0,0,0,0,N/A,N/A,2,4.9,4.9,3.4,N/A,103,N/A
513,Dennis Houston,DAL,WR,23,2,0,0,0,0,0,0,0,0,N/A,0,6,2,16,8.00,0,0,0,0,N/A,N/A,2,3.6,3.6,2.6,N/A,197,N/A
514,Lil'Jordan Humphrey,NWE,WR,24,6,2,0,0,0,0,0,0,0,N/A,0,4,2,20,10.00,0,0,0,0,N/A,N/A,2,4.0,4.0,3.0,N/A,193,N/A
515,Andy Isabella,2TM,WR,26,5,0,0,0,0,0,0,1,1,1.00,0,5,2,21,10.50,0,0,0,0,N/A,N/A,2,4.2,4.2,3.2,N/A,189,N/A
516,Cade Johnson,SEA,WR,24,3,0,0,0,0,0,0,0,0,N/A,0,4,2,21,10.50,0,0,0,0,N/A,N/A,2,4.1,4.1,3.1,N/A,191,N/A
517,D'Ernest Johnson,CLE,RB,26,15,0,0,0,0,0,0,4,17,4.25,0,3,3,7,2.33,0,0,0,0,N/A,N/A,2,5.4,5.4,3.9,N/A,141,N/A
518,Keith Kirkwood,NOR,WR,28,5,1,0,0,0,0,0,0,0,N/A,0,4,2,18,9.00,0,0,0,0,N/A,N/A,2,3.8,3.8,2.8,N/A,195,N/A
519,Dezmon Patmon,IND,WR,24,1,0,0,0,0,0,0,0,0,N/A,0,6,2,24,12.00,0,0,0,0,N/A,N/A,2,4.4,4.4,3.4,N/A,187,N/A
520,Adam Prentice,NOR,RB,25,11,2,0,0,0,0,0,4,9,2.25,0,3,3,9,3.00,0,1,0,0,N/A,N/A,2,4.8,4.8,3.3,N/A,147,N/A
521,Trey Sermon,PHI,RB,23,2,0,0,0,0,0,0,2,19,9.50,0,0,0,0,N/A,0,0,0,0,N/A,N/A,2,1.9,1.9,1.9,N/A,145,N/A
522,Stone Smartt,LAC,TE,24,7,1,0,0,0,0,0,0,0,N/A,0,5,4,17,4.25,0,0,0,0,N/A,N/A,2,5.7,5.7,3.7,N/A,105,N/A
523,J.J. Taylor,NWE,RB,24,1,0,0,0,0,0,0,10,9,0.90,0,1,1,8,8.00,0,0,0,0,N/A,N/A,2,2.7,2.7,2.2,N/A,148,N/A
524,Cole Turner,WAS,TE,22,10,2,0,0,0,0,0,0,0,N/A,0,9,2,23,11.50,0,0,0,0,N/A,N/A,2,4.3,4.3,3.3,N/A,102,N/A
525,Maxx Williams,ARI,TE,28,11,1,0,0,0,0,0,0,0,N/A,0,3,3,18,6.00,0,0,0,0,N/A,N/A,2,4.8,4.8,3.3,N/A,104,N/A
526,Juwann Winfree,GNB,WR,26,3,0,0,0,0,0,0,0,0,N/A,0,4,1,17,17.00,0,0,0,0,N/A,N/A,2,2.7,2.7,2.2,N/A,196,N/A
527,Dareke Young,SEA,WR,23,13,0,0,0,0,0,0,0,0,N/A,0,2,2,24,12.00,0,0,0,0,N/A,N/A,2,4.4,4.4,3.4,N/A,188,N/A
528,Maurice Alexander,DET,WR,25,4,0,0,0,0,0,0,0,0,N/A,0,1,1,7,7.00,0,0,0,0,N/A,N/A,1,1.7,1.7,1.2,N/A,207,N/A
529,Brandon Allen,CIN,QB,30,1,0,3,3,22,0,0,3,-1,-0.33,0,0,0,0,N/A,0,0,0,0,N/A,N/A,1,0.8,0.8,0.8,N/A,76,N/A
530,Stephen Anderson,ARI,TE,29,16,0,0,0,0,0,0,0,0,N/A,0,7,3,9,3.00,0,0,0,0,N/A,N/A,1,3.9,3.9,2.4,N/A,107,N/A
531,Devin Asiasi,CIN,TE,25,12,0,0,0,0,0,0,0,0,N/A,0,4,2,5,2.50,0,0,0,0,N/A,N/A,1,2.5,2.5,1.5,N/A,112,N/A
532,C.J. Board,TEN,WR,29,4,0,0,0,0,0,0,0,0,N/A,0,1,1,6,6.00,0,1,0,0,N/A,N/A,1,1.6,1.6,1.1,N/A,209,N/A
533,Reggie Bonnafon,WAS,RB,26,1,0,0,0,0,0,0,3,8,2.67,0,0,0,0,N/A,0,0,0,0,N/A,N/A,1,0.8,0.8,0.8,N/A,153,N/A
534,Miles Boykin,PIT,WR,26,16,1,0,0,0,0,0,0,0,N/A,0,3,2,11,5.50,0,0,0,0,N/A,N/A,1,3.1,3.1,2.1,N/A,205,N/A
535,Jason Cabinda,DET,RB,26,8,2,0,0,0,0,0,1,4,4.00,0,4,1,5,5.00,0,0,0,0,N/A,N/A,1,1.9,1.9,1.4,N/A,152,N/A
536,Jalen Camp,HOU,WR,24,2,0,0,0,0,0,0,0,0,N/A,0,1,1,7,7.00,0,0,0,0,N/A,N/A,1,1.7,1.7,1.2,N/A,208,N/A
537,Jerome Ford,CLE,RB,23,13,0,0,0,0,0,0,8,12,1.50,0,0,0,0,N/A,0,0,0,0,N/A,N/A,1,1.2,1.2,1.2,N/A,149,N/A
538,Jacob Harris,LAR,TE,25,7,0,0,0,0,0,0,0,0,N/A,0,1,1,6,6.00,0,0,0,0,N/A,N/A,1,1.6,1.6,1.1,N/A,110,N/A
539,Kylin Hill,GNB,RB,24,2,0,0,0,0,0,0,1,7,7.00,0,0,0,0,N/A,0,0,0,0,N/A,N/A,1,0.7,0.7,0.7,N/A,154,N/A
540,Brian Hoyer,NWE,QB,37,1,1,5,6,37,0,0,0,0,N/A,0,0,0,0,N/A,0,0,0,0,N/A,N/A,1,1.5,1.5,1.5,N/A,74,N/A
541,Godwin Igwebuike,SEA,RB,28,5,0,0,0,0,0,0,3,4,1.33,0,1,1,3,3.00,0,0,0,0,N/A,N/A,1,1.7,1.7,1.2,N/A,155,N/A
542,Jakob Johnson,LVR,RB,28,17,9,0,0,0,0,0,0,0,N/A,0,6,5,10,2.00,0,0,0,0,N/A,N/A,1,6.0,6.0,3.5,N/A,150,N/A
543,Josh Johnson,SFO,QB,36,2,0,1,2,10,0,0,2,3,1.50,0,0,0,0,N/A,0,0,0,0,N/A,N/A,1,0.7,0.7,0.7,N/A,77,N/A
544,Tyron Johnson,2TM,WR,26,4,1,0,0,0,0,0,0,0,N/A,0,1,1,8,8.00,0,0,0,0,N/A,N/A,1,1.8,1.8,1.3,N/A,206,N/A
545,Sean McKeon,DAL,TE,25,13,0,0,0,0,0,0,0,0,N/A,0,3,2,11,5.50,0,0,0,0,N/A,N/A,1,3.1,3.1,2.1,N/A,106,N/A
546,Jason Moore,LAC,WR,27,6,0,0,0,0,0,0,0,0,N/A,0,2,1,5,5.00,0,0,0,0,N/A,N/A,1,1.5,1.5,1.0,N/A,210,N/A
547,Devine Ozigbo,DEN,RB,26,4,0,0,0,0,0,0,3,4,1.33,0,1,1,3,3.00,0,0,0,0,N/A,N/A,1,1.7,1.7,1.2,N/A,156,N/A
548,Jeremy Ruckert,NYJ,TE,22,9,0,0,0,0,0,0,0,0,N/A,0,2,1,8,8.00,0,0,0,0,N/A,N/A,1,1.8,1.8,1.3,N/A,108,N/A
549,Mason Schreck,HOU,TE,29,3,1,0,0,0,0,0,0,0,N/A,0,2,2,6,3.00,0,0,0,0,N/A,N/A,1,2.6,2.6,1.6,N/A,111,N/A
550,Keith Smith,ATL,RB,30,17,6,0,0,0,0,0,1,2,2.00,0,2,1,8,8.00,0,0,0,0,N/A,N/A,1,2.0,2.0,1.5,N/A,151,N/A
551,Tommy Sweeney,BUF,TE,27,5,0,0,0,0,0,0,0,0,N/A,0,1,1,7,7.00,0,0,0,0,N/A,N/A,1,1.7,1.7,1.2,N/A,109,N/A
552,Jalen Tolbert,DAL,WR,23,8,1,0,0,0,0,0,0,0,N/A,0,3,2,12,6.00,0,0,0,0,N/A,N/A,1,3.2,3.2,2.2,N/A,203,N/A
553,Austin Trammell,LAR,WR,24,6,0,0,0,0,0,0,0,0,N/A,0,4,2,13,6.50,0,0,0,0,N/A,N/A,1,3.3,3.3,2.3,N/A,202,N/A
554,Kyle Trask,TAM,QB,24,1,0,3,9,23,0,0,0,0,N/A,0,0,0,0,N/A,0,0,0,0,N/A,N/A,1,0.9,0.9,0.9,N/A,75,N/A
555,Montrell Washington,DEN,WR,23,15,1,0,0,0,0,0,5,30,6.00,0,9,4,2,0.50,0,5,1,0,N/A,N/A,1,5.2,6.2,3.2,N/A,204,N/A
556,Nsimba Webster,CHI,WR,26,2,0,0,0,0,0,0,0,0,N/A,0,3,2,14,7.00,0,1,0,0,N/A,N/A,1,3.4,3.4,2.4,N/A,201,N/A
557,Ty'Son Williams,ARI,RB,26,1,0,0,0,0,0,0,0,0,N/A,0,1,1,5,5.00,0,0,0,0,N/A,N/A,1,1.5,1.5,1.0,N/A,157,N/A
558,Josh Ali,ATL,N/A,23,2,0,0,0,0,0,0,0,0,N/A,0,1,0,0,N/A,0,0,0,0,N/A,N/A,N/A,N/A,N/A,N/A,N/A,214,N/A
559,Chase Allen,CHI,N/A,25,1,0,0,0,0,0,0,0,0,N/A,0,0,0,0,N/A,0,0,0,0,N/A,N/A,N/A,N/A,N/A,N/A,N/A,114,N/A
560,Nick Bellore,SEA,RB,33,16,0,0,0,0,0,0,1,3,3.00,0,0,0,0,N/A,0,0,0,0,N/A,N/A,N/A,0.3,0.3,0.3,N/A,160,N/A
561,Trinity Benson,DET,N/A,25,1,0,0,0,0,0,0,0,0,N/A,0,0,0,0,N/A,0,0,0,0,N/A,N/A,N/A,N/A,N/A,N/A,N/A,215,N/A
562,Jared Bernhardt,ATL,N/A,25,2,0,0,0,0,0,0,0,0,N/A,0,0,0,0,N/A,0,0,0,0,N/A,N/A,N/A,N/A,N/A,N/A,N/A,216,N/A
563,Stanley Berryhill,DET,N/A,24,4,0,0,0,0,0,0,0,0,N/A,0,0,0,0,N/A,0,0,0,0,N/A,N/A,N/A,N/A,N/A,N/A,N/A,217,N/A
564,Khari Blasingame,CHI,N/A,26,16,6,0,0,0,0,0,0,0,N/A,0,1,0,0,N/A,0,0,0,0,N/A,N/A,N/A,N/A,N/A,N/A,N/A,163,N/A
565,Lynn Bowden Jr.,NWE,N/A,25,1,0,0,0,0,0,0,0,0,N/A,0,0,0,0,N/A,0,0,0,0,N/A,N/A,N/A,N/A,N/A,N/A,N/A,218,N/A
566,Nick Boyle,BAL,N/A,29,12,0,0,0,0,0,0,0,0,N/A,0,0,0,0,N/A,0,0,0,0,N/A,N/A,N/A,N/A,N/A,N/A,N/A,115,N/A
567,Brittain Brown,LVR,N/A,25,6,0,0,0,0,0,0,0,0,N/A,0,0,0,0,N/A,0,0,0,0,N/A,N/A,N/A,N/A,N/A,N/A,N/A,164,N/A
568,Trenton Cannon,TEN,N/A,28,2,0,0,0,0,0,0,0,0,N/A,0,0,0,0,N/A,0,0,0,0,N/A,N/A,N/A,N/A,N/A,N/A,N/A,165,N/A
569,Cethan Carter,MIA,N/A,27,1,0,0,0,0,0,0,0,0,N/A,0,0,0,0,N/A,0,0,0,0,N/A,N/A,N/A,N/A,N/A,N/A,N/A,116,N/A
570,Roger Carter,LAR,N/A,23,1,0,0,0,0,0,0,0,0,N/A,0,0,0,0,N/A,0,0,0,0,N/A,N/A,N/A,N/A,N/A,N/A,N/A,117,N/A
571,Dan Chisena,MIN,N/A,25,2,0,0,0,0,0,0,0,0,N/A,0,0,0,0,N/A,0,0,0,0,N/A,N/A,N/A,N/A,N/A,N/A,N/A,219,N/A
572,Tanner Conner,MIA,N/A,24,13,0,0,0,0,0,0,0,0,N/A,0,3,0,0,N/A,0,0,0,0,N/A,N/A,N/A,N/A,N/A,N/A,N/A,118,N/A
573,Keke Coutee,IND,WR,25,8,0,0,0,0,0,0,0,0,N/A,0,1,1,20,20.00,0,4,1,0,N/A,N/A,N/A,1.0,2.0,0.5,N/A,220,N/A
574,Britain Covey,PHI,N/A,25,17,0,0,0,0,0,0,0,0,N/A,0,0,0,0,N/A,0,2,0,0,N/A,N/A,N/A,N/A,N/A,N/A,N/A,221,N/A
575,Rico Dowdle,DAL,N/A,24,5,0,0,0,0,0,0,0,0,N/A,0,0,0,0,N/A,0,0,0,0,N/A,N/A,N/A,N/A,N/A,N/A,N/A,166,N/A
576,Jacob Eason,CAR,QB,25,1,0,3,5,59,0,1,0,0,N/A,0,0,0,0,N/A,0,0,0,0,N/A,N/A,N/A,0.4,1.4,1.4,N/A,78,N/A
577,Alex Erickson,WAS,N/A,30,2,0,0,0,0,0,0,0,0,N/A,0,0,0,0,N/A,0,0,0,0,N/A,N/A,N/A,N/A,N/A,N/A,N/A,222,N/A
578,Erik Ezukanma,MIA,WR,22,1,0,0,0,0,0,0,0,0,N/A,0,1,1,3,3.00,0,0,0,0,N/A,N/A,N/A,1.3,1.3,0.8,N/A,211,N/A
579,Demetric Felton,CLE,RB,24,8,2,0,0,0,0,0,1,-4,-4.00,0,4,2,8,4.00,0,1,0,0,N/A,N/A,N/A,2.4,2.4,1.4,N/A,158,N/A
580,Ethan Fernea,IND,N/A,24,1,0,0,0,0,0,0,0,0,N/A,0,0,0,0,N/A,0,0,0,0,N/A,N/A,N/A,N/A,N/A,N/A,N/A,223,N/A
581,Feleipe Franks,ATL,TE,25,11,1,0,0,0,0,0,1,0,0.00,0,2,0,0,N/A,0,0,0,0,N/A,N/A,N/A,N/A,N/A,N/A,N/A,119,N/A
582,Jake Funk,2TM,N/A,24,6,0,0,0,0,0,0,0,0,N/A,0,0,0,0,N/A,0,0,0,0,N/A,N/A,N/A,N/A,N/A,N/A,N/A,167,N/A
583,Kaylon Geiger,TAM,N/A,25,3,0,0,0,0,0,0,0,0,N/A,0,0,0,0,N/A,0,0,0,0,N/A,N/A,N/A,N/A,N/A,N/A,N/A,224,N/A
584,Tanner Gentry,BUF,N/A,28,3,0,0,0,0,0,0,0,0,N/A,0,1,0,0,N/A,0,0,0,0,N/A,N/A,N/A,N/A,N/A,N/A,N/A,225,N/A
585,Cullen Gillaspia,SEA,N/A,27,6,0,0,0,0,0,0,0,0,N/A,0,0,0,0,N/A,0,0,0,0,N/A,N/A,N/A,N/A,N/A,N/A,N/A,168,N/A
586,Josh Gordon,TEN,N/A,31,2,0,0,0,0,0,0,0,0,N/A,0,1,0,0,N/A,0,0,0,0,N/A,N/A,N/A,N/A,N/A,N/A,N/A,226,N/A
587,Garrett Griffin,DET,N/A,28,1,0,0,0,0,0,0,0,0,N/A,0,0,0,0,N/A,0,0,0,0,N/A,N/A,N/A,N/A,N/A,N/A,N/A,120,N/A
588,Justin Hardee*,NYJ,N/A,28,17,0,0,0,0,0,0,0,0,N/A,0,0,0,0,N/A,0,0,0,0,N/A,N/A,N/A,N/A,N/A,N/A,N/A,227,N/A
589,Clark Harris,CIN,N/A,38,1,0,0,0,0,0,0,0,0,N/A,0,0,0,0,N/A,0,0,0,0,N/A,N/A,N/A,N/A,N/A,N/A,N/A,121,N/A
590,Rashard Higgins,CAR,N/A,28,3,0,0,0,0,0,0,0,0,N/A,0,0,0,0,N/A,0,0,0,0,N/A,N/A,N/A,N/A,N/A,N/A,N/A,228,N/A
591,Jacob Hollister,2TM,N/A,29,5,0,0,0,0,0,0,0,0,N/A,0,0,0,0,N/A,0,0,0,0,N/A,N/A,N/A,N/A,N/A,N/A,N/A,122,N/A
592,J.P. Holtz,NOR,N/A,29,6,2,0,0,0,0,0,0,0,N/A,0,0,0,0,N/A,0,0,0,0,N/A,N/A,N/A,N/A,N/A,N/A,N/A,123,N/A
593,Jordan Howard,NOR,RB,28,2,0,0,0,0,0,0,1,1,1.00,0,0,0,0,N/A,0,0,0,0,N/A,N/A,N/A,0.1,0.1,0.1,N/A,162,N/A
594,Tyree Jackson,PHI,N/A,25,5,0,0,0,0,0,0,0,0,N/A,0,0,0,0,N/A,0,0,0,0,N/A,N/A,N/A,N/A,N/A,N/A,N/A,124,N/A
595,Jesse James,CLE,N/A,28,2,0,0,0,0,0,0,0,0,N/A,0,0,0,0,N/A,0,0,0,0,N/A,N/A,N/A,N/A,N/A,N/A,N/A,125,N/A
596,Duke Johnson,BUF,RB,29,1,0,0,0,0,0,0,2,4,2.00,0,0,0,0,N/A,0,0,0,0,N/A,N/A,N/A,0.4,0.4,0.4,N/A,159,N/A
597,Johnny Johnson,HOU,N/A,23,1,0,0,0,0,0,0,0,0,N/A,0,0,0,0,N/A,0,0,0,0,N/A,N/A,N/A,N/A,N/A,N/A,N/A,229,N/A
598,Tyler Johnson,HOU,N/A,24,2,0,0,0,0,0,0,0,0,N/A,0,0,0,0,N/A,0,0,0,0,N/A,N/A,N/A,N/A,N/A,N/A,N/A,230,N/A
599,Nikola Kalinic,IND,N/A,25,7,2,0,0,0,0,0,0,0,N/A,0,0,0,0,N/A,0,0,0,0,N/A,N/A,N/A,N/A,N/A,N/A,N/A,126,N/A
600,Case Keenum,BUF,QB,34,2,0,2,7,8,0,0,5,0,0.00,0,0,0,0,N/A,0,0,0,0,N/A,N/A,N/A,0.3,0.3,0.3,N/A,79,N/A
601,John Kelly,CLE,N/A,26,1,0,0,0,0,0,0,0,0,N/A,0,0,0,0,N/A,0,0,0,0,N/A,N/A,N/A,N/A,N/A,N/A,N/A,169,N/A
602,Marcus Kemp,KAN,N/A,27,3,0,0,0,0,0,0,0,0,N/A,0,0,0,0,N/A,0,0,0,0,N/A,N/A,N/A,N/A,N/A,N/A,N/A,231,N/A
603,Mason Kinsey,TEN,WR,24,2,0,0,0,0,0,0,0,0,N/A,0,1,1,3,3.00,0,1,0,0,N/A,N/A,N/A,1.3,1.3,0.8,N/A,212,N/A
604,Lucas Krull,NOR,N/A,24,1,0,0,0,0,0,0,0,0,N/A,0,0,0,0,N/A,0,0,0,0,N/A,N/A,N/A,N/A,N/A,N/A,N/A,127,N/A
605,Kwamie Lassiter II,CIN,N/A,24,1,0,0,0,0,0,0,0,0,N/A,0,0,0,0,N/A,0,0,0,0,N/A,N/A,N/A,N/A,N/A,N/A,N/A,232,N/A
606,Hunter Long,MIA,N/A,24,9,0,0,0,0,0,0,0,0,N/A,0,0,0,0,N/A,0,0,0,0,N/A,N/A,N/A,N/A,N/A,N/A,N/A,128,N/A
607,Tay Martin,SFO,N/A,25,2,0,0,0,0,0,0,0,0,N/A,0,0,0,0,N/A,0,0,0,0,N/A,N/A,N/A,N/A,N/A,N/A,N/A,233,N/A
608,Lance McCutcheon,LAR,N/A,23,10,1,0,0,0,0,0,0,0,N/A,0,5,0,0,N/A,0,0,0,0,N/A,N/A,N/A,N/A,N/A,N/A,N/A,234,N/A
609,Kyric McGowan,WAS,N/A,23,2,0,0,0,0,0,0,0,0,N/A,0,0,0,0,N/A,0,0,0,0,N/A,N/A,N/A,N/A,N/A,N/A,N/A,235,N/A
610,Kirk Merritt,NOR,N/A,25,4,0,0,0,0,0,0,0,0,N/A,0,0,0,0,N/A,0,0,0,0,N/A,N/A,N/A,N/A,N/A,N/A,N/A,236,N/A
611,Stanley Morgan Jr.,CIN,N/A,26,14,0,0,0,0,0,0,0,0,N/A,0,1,0,0,N/A,0,0,0,0,N/A,N/A,N/A,N/A,N/A,N/A,N/A,237,N/A
612,Nick Muse,MIN,N/A,24,10,0,0,0,0,0,0,0,0,N/A,0,0,0,0,N/A,0,0,0,0,N/A,N/A,N/A,N/A,N/A,N/A,N/A,129,N/A
613,Qadree Ollison,DAL,N/A,26,3,0,0,0,0,0,0,0,0,N/A,0,0,0,0,N/A,0,0,0,0,N/A,N/A,N/A,N/A,N/A,N/A,N/A,170,N/A
614,Matthew Orzech,LAR,N/A,27,17,0,0,0,0,0,0,0,0,N/A,0,0,0,0,N/A,0,0,0,0,N/A,N/A,N/A,N/A,N/A,N/A,N/A,130,N/A
615,Cornell Powell,KAN,N/A,25,3,0,0,0,0,0,0,0,0,N/A,0,0,0,0,N/A,0,0,0,0,N/A,N/A,N/A,N/A,N/A,N/A,N/A,238,N/A
616,D'Vonte Price,IND,N/A,23,1,0,0,0,0,0,0,0,0,N/A,0,0,0,0,N/A,0,0,0,0,N/A,N/A,N/A,N/A,N/A,N/A,N/A,171,N/A
617,Kevin Rader,TEN,N/A,27,14,2,0,0,0,0,0,0,0,N/A,0,0,0,0,N/A,0,0,0,0,N/A,N/A,N/A,N/A,N/A,N/A,N/A,131,N/A
618,Andre Roberts,CAR,N/A,34,3,0,0,0,0,0,0,0,0,N/A,0,0,0,0,N/A,0,1,0,0,N/A,N/A,N/A,N/A,N/A,N/A,N/A,239,N/A
619,Richard Rodgers,LAC,TE,30,10,1,0,0,0,0,0,0,0,N/A,0,4,1,4,4.00,0,0,0,0,N/A,N/A,N/A,1.4,1.4,0.9,N/A,113,N/A
620,Drew Sample,CIN,TE,26,2,2,0,0,0,0,0,0,0,N/A,0,2,2,-2,-1.00,0,0,0,0,N/A,N/A,N/A,1.8,1.8,0.8,N/A,136,N/A
621,Braylon Sanders,MIA,WR,23,3,0,0,0,0,0,0,0,0,N/A,0,3,2,17,8.50,0,1,1,0,N/A,N/A,N/A,1.7,2.7,0.7,N/A,251,N/A
622,Matthew Slater,NWE,N/A,37,17,0,0,0,0,0,0,0,0,N/A,0,0,0,0,N/A,0,0,0,0,N/A,N/A,N/A,N/A,N/A,N/A,N/A,240,N/A
623,Willie Snead,SFO,N/A,30,4,0,0,0,0,0,0,0,0,N/A,0,0,0,0,N/A,0,0,0,0,N/A,N/A,N/A,N/A,N/A,N/A,N/A,241,N/A
624,Matt Sokol,NWE,N/A,27,3,0,0,0,0,0,0,0,0,N/A,0,0,0,0,N/A,0,0,0,0,N/A,N/A,N/A,N/A,N/A,N/A,N/A,132,N/A
625,Nate Sudfeld,DET,QB,29,2,0,0,0,0,0,0,5,-4,-0.80,0,0,0,0,N/A,0,0,0,0,N/A,N/A,N/A,-0.4,-0.4,-0.4,N/A,81,N/A
626,Keir Thomas,LAR,N/A,24,8,0,0,0,0,0,0,0,0,N/A,0,0,0,0,N/A,0,0,0,0,N/A,N/A,N/A,N/A,N/A,N/A,N/A,242,N/A
627,Noah Togiai,PHI,N/A,25,2,0,0,0,0,0,0,0,0,N/A,0,1,0,0,N/A,0,0,0,0,N/A,N/A,N/A,N/A,N/A,N/A,N/A,133,N/A
628,Jake Tonges,CHI,N/A,23,4,0,0,0,0,0,0,0,0,N/A,0,1,0,0,N/A,0,0,0,0,N/A,N/A,N/A,N/A,N/A,N/A,N/A,134,N/A
629,Malik Turner,SFO,N/A,26,3,0,0,0,0,0,0,0,0,N/A,0,0,0,0,N/A,0,0,0,0,N/A,N/A,N/A,N/A,N/A,N/A,N/A,243,N/A
630,Binjimen Victor,BAL,N/A,25,2,0,0,0,0,0,0,0,0,N/A,0,0,0,0,N/A,0,0,0,0,N/A,N/A,N/A,N/A,N/A,N/A,N/A,244,N/A
631,James Washington,DAL,N/A,26,2,0,0,0,0,0,0,0,0,N/A,0,1,0,0,N/A,0,0,0,0,N/A,N/A,N/A,N/A,N/A,N/A,N/A,245,N/A
632,Scotty Washington,NWE,N/A,26,1,0,0,0,0,0,0,0,0,N/A,0,0,0,0,N/A,0,0,0,0,N/A,N/A,N/A,N/A,N/A,N/A,N/A,246,N/A
633,Raleigh Webb,2TM,N/A,25,12,0,0,0,0,0,0,0,0,N/A,0,0,0,0,N/A,0,0,0,0,N/A,N/A,N/A,N/A,N/A,N/A,N/A,247,N/A
634,Cody White,PIT,WR,24,1,1,0,0,0,0,0,0,0,N/A,0,1,1,2,2.00,0,0,0,0,N/A,N/A,N/A,1.2,1.2,0.7,N/A,213,N/A
635,Antonio Williams,NYG,N/A,25,2,0,0,0,0,0,0,0,0,N/A,0,0,0,0,N/A,0,0,0,0,N/A,N/A,N/A,N/A,N/A,N/A,N/A,172,N/A
636,Damien Williams,ATL,RB,30,1,1,0,0,0,0,0,2,2,1.00,0,0,0,0,N/A,0,0,0,0,N/A,N/A,N/A,0.2,0.2,0.2,N/A,161,N/A
637,Preston Williams,CAR,N/A,25,1,0,0,0,0,0,0,0,0,N/A,0,0,0,0,N/A,0,0,0,0,N/A,N/A,N/A,N/A,N/A,N/A,N/A,248,N/A
638,Javon Wims,ARI,N/A,28,1,0,0,0,0,0,0,0,0,N/A,0,0,0,0,N/A,0,0,0,0,N/A,N/A,N/A,N/A,N/A,N/A,N/A,249,N/A
639,Charlie Woerner,SFO,N/A,25,17,2,0,0,0,0,0,0,0,N/A,0,2,0,0,N/A,0,0,0,0,N/A,N/A,N/A,N/A,N/A,N/A,N/A,135,N/A
640,Logan Woodside,ATL,N/A,27,1,0,0,0,0,0,0,0,0,N/A,0,0,0,0,N/A,0,0,0,0,N/A,N/A,N/A,N/A,N/A,N/A,N/A,80,N/A
641,Brandon Zylstra,DET,N/A,29,2,0,0,0,0,0,0,0,0,N/A,0,0,0,0,N/A,0,0,0,0,N/A,N/A,N/A,N/A,N/A,N/A,N/A,250,N/A
642,C.J. Beathard,JAX,QB,29,4,0,7,11,35,0,1,4,-4,-1.00,0,0,0,0,N/A,0,0,0,0,N/A,N/A,-1,-1.0,N/A,N/A,N/A,83,N/A
643,Deonte Harty,NOR,WR,25,4,0,0,0,0,0,0,0,0,N/A,0,2,2,13,6.50,0,1,1,0,N/A,N/A,-1,1.3,2.3,0.3,N/A,253,N/A
644,Chad Henne,KAN,QB,37,3,0,0,2,0,0,0,5,-5,-1.00,0,0,0,0,N/A,0,1,0,0,N/A,N/A,-1,-0.5,-0.5,-0.5,N/A,82,N/A
645,Ihmir Smith-Marsette,2TM,WR,23,8,0,0,0,0,0,0,1,-1,-1.00,0,4,1,15,15.00,0,1,1,0,N/A,N/A,-1,0.4,1.4,-0.1,N/A,252,N/A
646,KaVontae Turpin*,DAL,WR,26,17,0,0,0,0,0,0,3,17,5.67,0,2,1,9,9.00,0,3,2,0,N/A,N/A,-1,-0.4,1.6,-0.9,N/A,254,N/A
647,Taiwan Jones,BUF,N/A,34,16,0,0,0,0,0,0,0,0,N/A,0,0,0,0,N/A,0,1,1,0,N/A,N/A,-2,-2.0,-1.0,-2.0,N/A,173,N/A
648,Chester Rogers,CLE,N/A,28,3,0,0,0,0,0,0,0,0,N/A,0,0,0,0,N/A,0,1,1,0,N/A,N/A,-2,-2.0,-1.0,-2.0,N/A,255,N/A
649,Tim Boyle,CHI,QB,28,1,0,2,8,33,0,2,2,-2,-1.00,0,0,0,0,N/A,0,0,0,0,N/A,N/A,-3,-2.9,-0.9,-0.9,N/A,84,N/A
